,brand_id,brand_name
0,8016,가가알로에
1,2077,가네보
2,7574,가니크(GANIQUE)
3,7314,가드니스가든
4,5564,가디언
5,5601,가르니르
6,4705,가르니에(Garnier)
7,719,가밀라시크릿
8,5660,가바이요카
9,7454,가브리엘
10,8066,가시나(GASINA)
11,5775,가온도담
12,4629,가이아(GAIA)
13,4821,가인화장품
14,7470,간나나기
15,2817,간디니 
16,7548,갈랑트리
17,7270,갈레닉
18,660,갈리마드
19,2784,갈컬렉션 
20,2097,갓스킨
21,2691,갓투비(GOT 2B)
22,7195,강블리(GANGBLY)
23,791,갭(GAP)
24,1160,갯츠맨
25,1161,갸마르드
26,2059,거다슈필만
27,6017,건미지인
28,2038,걸 드 프로방스
29,998,게리쏭
30,666,게볼
31,813,게스
32,449,겐조
33,6400,겔라시앙
34,13,겔랑
35,7326,겟뉴스킨
36,3225,결고은사람들
37,7278,경남제약
38,6258,경동제약
39,7082,고귀한아름다움채
40,7406,고려은단
41,638,고세(KOSE)
42,5953,고쉬
43,664,고스트
44,5905,고위드미
45,1055,고유에
46,5603,고은재
47,4349,고혼진
48,6411,골드쉐이프
49,7985,골든트리
50,7279,공미
51,6829,공칠이공(0720)
52,1165,과일나라
53,6669,구구샵
54,16,구달
55,3413,구디
56,7428,구떼
57,1166,구암메쏘드
58,450,구찌
59,7923,굿바이아톱
60,5946,굿스킨랩스
61,1167,굿앤닥
62,693,굿피
63,7357,궁가
64,6090,궁백화
65,1024,궁중비책
66,7345,그나랜
67,1168,그라운드플랜
68,1169,그라티아수
69,5717,그라펜
70,1170,그라함스
71,7498,그랑핸드
72,7136,그래21(grae21)
73,5450,그랜드파
74,933,그램
75,7337,그레이드
76,810,그레이멜린
77,2981,그레이스콜
78,1171,그로가닉스
79,3889,그루테라피
80,310,그리니프
81,6813,그리에이트(Create)
82,7742,그린라이트(Green Light)
83,767,그린랜드
84,6493,그린리프
85,6683,그린몬스터
86,7234,그린벨
87,1116,그린알로에
88,766,그린체
89,1173,그린티코
90,866,그린피아
91,3253,그린필메드
92,725,그린핑거
93,8039,그애랑
94,6780,글래노바(GLENOVA)
95,883,글래머플래어즈
96,6999,글랜무어(GLAN.MOOR)
97,623,글램글로우
98,6684,글램디(GLAM.D)
99,1174,글램업
100,17,글램팜
101,3029,글램폭스
102,6228,글러브인어보틀
103,468,글로리
104,5273,글로브
105,7802,글로시블라썸
106,5965,글로시에
107,1175,글로우바이커버퀸
108,4341,글로우스파
109,8107,글로우힐(Glowhill)
110,418,글리소메드
111,6508,글리솔리드
112,5745,글리지젠(GLIZIGEN)
113,7456,금단비가
114,5569,금조화장품
115,7547,금호전기
116,1176,기노
117,4377,김소형본초랩㈜
118,7634,김은채왁싱
119,1178,김정문알로에
120,4569,김활란뮤제네프 (Musee Neuf)
121,842,까띠에
122,582,까라망스
123,1179,까레넬
124,503,까르띠에
125,1180,까르미나
126,6196,까모플라쥬(CAMOUFLAGE)
127,514,까사렐
128,408,까쉐
129,3701,까스테라레방
130,5513,깔루(Kaloo)
131,1181,깔리네스
132,18,꼬달리
133,6170,꼬미쏘엔(COMISOEN)
134,6355,꼰에야
135,3665,꼼데가르송
136,2250,꼼므꼼므 
137,5,꽁빠니 드 프로방스
138,6914,꽃보다청춘
139,1184,꽃피는아침마을
140,6108,꾸데끌라
141,2328,꾸뗄르 
142,845,꾸셀
143,1185,꿀벌나라
144,6081,끄레뷰(CreBeau)
145,2412,끄렘시몽
146,841,끌라뮤
147,6189,끌라삐엘(clapiel)
148,2442,끌레드벨
149,19,끌레드뽀 보떼
150,493,끌로에
151,756,나나스비
152,1187,나노네이처
153,1188,나노닥터플러스
154,2175,나노팜
155,6968,나다(nada)
156,6640,나떼쌍스
157,4653,나뚜라하우스 (Natura House)
158,1189,나뛰렐 다르간
159,673,나르시소 로드리게즈
160,7516,나리
161,2018,나블러스솝
162,2514,나비끄
163,2523,나사랑
164,20,나스(NARS)
165,6658,나스논(NASONON)
166,7865,나스컨디션(NaSCondition)
167,5859,나어릴때
168,626,나오베이
169,861,나우푸드(nowfoods)
170,5492,나이스 휘
171,5553,나이아드
172,5693,나이팅게일
173,443,나인위시스
174,7420,나인윌(9WiLL)
175,7164,나인테일즈(9tails)
176,6132,나인트리
177,3069,나인포인트
178,539,나인풋
179,1953,나츄리에(naturie)
180,6725,나캇타코토니
181,1190,나투라비타
182,7716,나투리아(NATURIA)
183,5543,나트라케어
184,7276,나트롤(NATROL)
185,1192,나티오
186,6084,나페로
187,6969,나푸키아(Napukia)
188,482,낫유어마더스
189,466,낫츠
190,6733,낫포유(NOT4U)
191,5541,내추럴뷰티푸드
192,1194,내추럴수
193,605,내추럴시베리카
194,3465,내추럴퍼시픽
195,7417,내추럴플러스(Nature's Plus)
196,21,내츄럴룩
197,1195,내츄럴코스
198,6219,내츄럴코튼
199,7587,내츄레인(Natureine)
200,7101,내츄렉터 커버페이스(Naturactor Cover Face)
201,7328,너리쉬오가닉
202,287,너츠크림퍼퓸(Nuts Cream Perfume)
203,5763,넌비(NONB)
204,5821,넘버7(No7)
205,6697,넘버에잇
206,4673,네띠(Naty)
207,1196,네리움
208,7843,네브스카야 코스메티카(Nevskaya Kosmetika)
209,894,네슈라
210,7891,네스트
211,6317,네스티단테(NESTIDANTE)
212,2751,네어(NAIR)
213,7785,네오더마(NEODERMA)
214,6366,네오덤
215,5864,네오데이
216,1197,네오비오
217,5402,네오비젼
218,5508,네오스트라타
219,5862,네오젠 에이지큐어
220,1198,네오젠 코드나인
221,538,네오젠더마로지
222,7683,네이처랜드(NATURLAND)
223,1199,네이처런스프롬
224,7336,네이처리움
225,22,네이처리퍼블릭
226,6996,네이처바이
227,7269,네이처스 골드
228,4241,네이처스게이트
229,7731,네이처스웨이(Nature's Way)
230,7958,네이처아파랑스
231,5566,네이처앤네이처
232,8093,네이처앤베이스(NATURE&BASE)
233,5617,네이처에스씨 (네이처SC)
234,6764,네이처이피션스
235,7867,네이처카인드(NATUREKIND)
236,7121,네이처컬렉션
237,1200,네이쳐스 베이비 오가닉스
238,7182,네이쳐스뷰티(Nature's beauty)
239,607,네이크업페이스
240,3853,네이키드솝
241,6892,네일스네일
242,4057,네일잉크
243,2292,네일텍(NailTek)
244,6888,네즈(Nad's)
245,7632,네추럴다려미
246,7580,네츄럴 킵
247,864,네츄럴샤인
248,1202,네츄럴팁스
249,2490,네클라
250,6302,넥서스(NEXXUS)
251,7088,넥스트뷰(next Beau)
252,416,넬라판타지아
253,1204,넬켄
254,7006,노그제마(Noxzema)
255,5746,노노헤어
256,8044,노더스트
257,4329,노레바 (noreva)
258,7086,노른자(NORNZA)
259,7929,노멀노모어
260,7813,노멀리스트
261,6651,노브랜드
262,484,노블레스 케어
263,6714,노시셉톨(NOCICEPTOL)
264,3125,노에비아
265,2406,노에사(NOESA)
266,5029,노우즈시크릿
267,4558,노타모5.5
268,7038,노티카 (NAUTICA)
269,7938,녹스(nox)
270,805,녹십자
271,7904,녹십초
272,6208,농협홍삼 한삼인
273,2259,누니
274,1208,누드코스메틱
275,1078,누들앤부(Noodle&Boo)
276,1016,누리숲
277,5959,누메로(NUMERO)
278,1209,누미스메드
279,7937,누벨덤
280,6878,누벨르(Nubelle)
281,8090,누보바세(NOUVEAUBASE)
282,1210,누보셀
283,3525,누브띠
284,2953,누비안 헤리티지
285,5668,누카(nuca)
286,843,누크 (NUK)
287,1211,누클레오
288,7366,누트릴로(nutrilo)
289,5636,누페이스(뉴페이스)
290,23,눅스(NUXE)
291,389,뉴가닉
292,3237,뉴겐코리아
293,1212,뉴랜드알로에
294,1214,뉴세리티
295,6822,뉴셀테라피
296,273,뉴스킨
297,4621,뉴트라소닉
298,24,뉴트로지나
299,368,뉴트로지나맨
300,7232,뉴트리디데이
301,576,뉴트리바이오틱
302,3509,뉴플
303,699,니나리치
304,5177,니노큐아
305,289,니베아
306,366,니베아 포맨
307,6136,니스투모나코(NICETOMONACO)
308,907,니심(NISIM)
309,6977,니오드(NIOD)
310,519,니오베
311,5153,니옥신
312,5479,니쥬
313,964,니콜라이
314,629,닐스야드레머디스
315,575,닙앤팹
316,26,다나한
317,7719,다노클리닉(DANO)
318,2892,다도센스 
319,6187,다리미스(Darimis)
320,2472,다모생활건강
321,325,다므다뚜
322,7204,다미니
323,920,다미다코리아(뉴여디디야코리아)
324,6223,다보
325,400,다비
326,5281,다비네스
327,500,다비도프
328,1218,다비드화장품
329,6215,다비치안경(다비치렌즈)
330,6290,다빈네이처
331,4534,다소니
332,2886,다소다
333,835,다슈
334,3645,다쏘앤컴퍼니
335,2037,다요미스킨케어
336,840,다이소
337,6119,다이슨
338,7469,다이아모니에
339,6881,다이안
340,6753,다이알(Dial)
341,6434,다이애나젤팁
342,2957,다이찌 
343,8133,다자연
344,2664,다크니스
345,7488,닥터3
346,6421,닥터505
347,6343,닥터그란델(DR.GRANDEL)
348,6185,닥터그랜드
349,6832,닥터그루트
350,6665,닥터글로덤
351,989,닥터내츄럴
352,681,닥터뉴엘
353,5655,닥터데니스그로스 (Dr. Dennis Gross)
354,7917,닥터데이즈
355,5518,닥터듀오
356,5679,닥터드림
357,6307,닥터드벨로
358,4709,닥터디네스(Dr.Denese)
359,7793,닥터디엘
360,1220,닥터딥
361,584,닥터라프린
362,891,닥터랩
363,7173,닥터레미듀(Dr.Remedew)
364,1222,닥터루인스
365,5657,닥터마이스킨
366,423,닥터마이어스
367,4521,닥터마인
368,6720,닥터마인드(Dr MIND)
369,1225,닥터멕
370,1226,닥터미네랄
371,5989,닥터미미
372,830,닥터미우
373,5149,닥터발란스
374,7809,닥터방기원
375,4599,닥터베리아 (Dr.Baria)
376,1227,닥터브란트
377,27,닥터브로너스
378,7231,닥터비펙트
379,7907,닥터셀레네(Dr.Selene)
380,3977,닥터셀온
381,6123,닥터손유나 캣치
382,7392,닥터쉘딩
383,911,닥터쉴러
384,6353,닥터스랩
385,7431,닥터스베스트(Doctor's Best)
386,4547,닥터스코스메틱
387,465,닥터스킨
388,1229,닥터스필러
389,7852,닥터시드
390,6789,닥터시라보
391,6193,닥터씨피유(Dr.CPU)
392,5725,닥터아돌
393,929,닥터아토
394,5448,닥터알카이티스
395,1230,닥터앤코
396,856,닥터에버하르트
397,1231,닥터에스리
398,1021,닥터에스테(닥터에스떼)
399,6887,닥터에이지(Dr.AG)
400,1232,닥터엑스타인
401,5161,닥터엘시아(Dr.Althea)
402,28,닥터영
403,1092,닥터오라클
404,1233,닥터오베론
405,7964,닥터오스트레일리아
406,5189,닥터올가
407,8099,닥터우먼스
408,1234,닥터우즈
409,6194,닥터원더
410,6629,닥터윌리엄제이
411,7884,닥터유앤미
412,6063,닥터이노덤
413,6015,닥터이엠
414,29,닥터자르트
415,853,닥터제이
416,7788,닥터제이미랩
417,1238,닥터조이
418,1999,닥터쥬크르
419,478,닥터지(고운세상)
420,2277,닥터진 
421,994,닥터코스
422,6659,닥터큐
423,6174,닥터크롬셀
424,6785,닥터탑
425,4009,닥터트리(dr.tree)
426,7298,닥터티샤
427,4518,닥터틸즈
428,1239,닥터파모르
429,7568,닥터패커
430,6840,닥터페이스
431,7998,닥터펩티
432,1240,닥터포스킨
433,5990,닥터포유
434,1987,닥터포헤어
435,3189,닥터프로그램
436,5502,닥터플로라
437,6661,닥터피엔티
438,7090,닥터하스킨
439,8077,닥터허쉬
440,5857,닥터헤디슨
441,4353,닥터헬렌스 (DRH)
442,7730,단비 프리미엄
443,6113,달란
444,6380,달리아
445,5967,달바(dAlba)
446,6875,달빅
447,5749,달샤벳
448,6077,달스킨
449,1101,달토끼
450,5509,달토니(DALTONI)
451,7374,달톤
452,2310,달파니스
453,30,달팡
454,7144,담이올(DA MIOR)
455,1243,당케
456,7256,대진코스메틱
457,5049,대한라이프케어
458,6128,댁스포마드
459,1244,댄트롤
460,912,댕기머리
461,414,더  히스토리 오브 후
462,3057,더 디퍼런트 컴퍼니
463,7893,더 런드레스(THE LAUNDRESS)
464,4472,더 루씨아
465,6742,더 마이부(THE MAiBU)
466,3129,더 맑은 하우스
467,1036,더 브로우 갤
468,1112,더 블루
469,3901,더 사가 오브 수
470,2070,더 순수
471,992,더 슈뜨
472,6226,더 케미스트리 브랜드(The Chemistry Brand)
473,2075,더 탱탱
474,7825,더 헌드레드(에제르코스메틱)
475,8097,더긴자(THE GINZA)
476,1067,더나드리
477,5531,더노즈
478,5803,더데이걸
479,2244,더래쉬
480,3393,더레브
481,5758,더로터스
482,1247,더마 이(derma e)
483,1245,더마겔
484,5434,더마결
485,7527,더마랜드
486,1246,더마렉스
487,550,더마리프트
488,5740,더마린
489,6267,더마브랜드(Dermablend)
490,5297,더마브이텐
491,689,더마비
492,1029,더마비쥬얼스
493,4281,더마세븐
494,6717,더마셀
495,7514,더마스비
496,3809,더마스토리
497,7210,더마앤모어
498,685,더마콜
499,7197,더마퀸(themaqueen)
500,7747,더마큐어(dermacure)
501,914,더마키
502,7258,더마토리
503,7775,더마트로지
504,1248,더마티스
505,2553,더마펌
506,2436,더마페이스
507,5466,더마퓨어클리닉 (DPC)
508,6362,더마플라츠
509,7184,더마피아(DERMAPIA)
510,6970,더마필리아
511,1249,더마하우스
512,5917,더마허브
513,2178,더마힐
514,6420,더말(DERMAL)
515,774,더말로지카(dermalogica)
516,7694,더멀매트릭스(Derm all Matrix)
517,2181,더메오
518,6708,더메이런(DerMeiren)
519,2078,더뭉크
520,31,더바디샵
521,6955,더발림(The balim)
522,32,더밤
523,6865,더분
524,5978,더브라이드
525,6144,더블링스킨(THE BLING SKIN)
526,2319,더블앤제로
527,2526,더블업
528,6569,더블에스샤이니
529,7249,더블오(Double-o)
530,711,더블유드레스룸(W.DRESSROOM)
531,804,더블유랩
532,2304,더블유세븐(W7)
533,2301,더블유홀릭 
534,5866,더삼점영(The 3.0)
535,33,더샘
536,6538,더샴푸
537,5586,더센티드
538,1251,더셀인
539,7468,더솝하우스
540,3861,더스킨라파
541,560,더스킨하우스
542,371,더스파디오옴므
543,6173,더실크크리스탈 바이피현정
544,4965,더약돌
545,951,더연코스메틱
546,3461,더우주(oozoo)
547,1252,더유핏
548,2041,더율
549,6644,더잇보
550,8096,더제이에스
551,7639,더젤(The gel)
552,1253,더착한
553,1255,더탱탱키시
554,3993,더툴랩
555,594,더티웍스
556,7732,더퍼퓸(THE PARFUM)
557,34,더페이스샵
558,5742,더페이지
559,6050,더포시즌
560,5712,더폴린
561,899,더풋샵
562,1256,더퓨어
563,6245,더퓰(THE PYUL)
564,1023,더프트앤도프트
565,1059,더플랜트베이스(THE PLANT BASE)
566,8065,더피움
567,7920,더피유(THEPIU)
568,4973,더허브스토리
569,1257,더헤어머더셀러
570,5969,더헤어샵
571,2700,던롭
572,5589,던힐
573,322,데드씨스파매직
574,35,데메테르
575,5880,데미(DEMI)
576,5169,데보나인
577,36,데보라립만
578,6850,데비타(DeVita)
579,6145,데생(DESSIN)
580,5470,데시엘(Deciel)
581,552,데싱디바
582,2298,데쌍브르 
583,649,데쎄
584,378,데오스칼프
585,6125,데오필버톤
586,5574,데이데이
587,5850,데이드림
588,8030,데이랑스
589,7718,데이비드 베컴(DAVID BECKHAM)
590,785,데이셀
591,6067,데일리스킨
592,3181,데일리시 (DAILISH)
593,7656,데일리아
594,7281,데일리잇
595,37,데자뷰
596,1258,데저트 에센스
597,7382,데즐유(Dazzle U)
598,7990,데코라걸
599,1259,데톨
600,1051,데트클리어
601,7054,델라롬(DLEAROM)
602,2529,델론
603,903,델스킨
604,358,도노
605,7013,도도레이블
606,1261,도도화장품
607,6124,도루코
608,6846,도몽(DOMONT)
609,38,도브
610,633,도쿄밀크
611,1263,도테라
612,39,돌리윙크
613,494,돌체앤가바나
614,6255,돌핀
615,6358,동구밭
616,4297,동국제약
617,4461,동방생활건강
618,7554,동방코스메틱
619,1264,동성제약
620,5560,동아제약
621,8129,동안백년
622,4945,동안비누
623,6180,동안연구소
624,569,동인비
625,7292,동해다이퍼
626,5452,두누룩
627,7035,두두베베
628,1266,두스나뚜르베베
629,7925,두쏠뷰티
630,7899,두케아(DUcare)
631,7105,듀립
632,7901,듀씨엘(DUCIEL)
633,40,듀오
634,967,듀왑(DUWOP)
635,6071,듀이셀(DEWYCEL)
636,710,듀이트리
637,448,듀크레이
638,5217,듀클로시스
639,588,드끌레오
640,6913,드라큐어
641,6075,드렁크엘리펀트
642,2607,드레스너에센스
643,7858,드레스덴너 에센즈(DRESDNER ESSENZ)
644,6948,드레싱82(dressing82)
645,373,드루(drww)
646,2376,드림스킨
647,5404,드림아이
648,5888,드림웍스
649,411,드림포뮬라
650,7156,드망쉐(DIMANCHE)
651,1269,드봉
652,1270,들꽃잠
653,3277,들라크루아
654,1271,디랑
655,3841,디마노
656,8078,디마르3(DEMAR3)
657,7285,디마스크
658,571,디바덤
659,1272,디바데바
660,7481,디뷰스
661,7155,디세스 뮤
662,1049,디스퀘어드2
663,7505,디스테디
664,754,디시즈리얼
665,6823,디아더마(DIADERMA)
666,5889,디아랑쉬(DeARANCHY)
667,4917,디아테크
668,1273,디알쏘스(Dr.Sousu)
669,7113,디알프로그 (DR.FROG)
670,5649,디앤비 코리아
671,3949,디앤써이즈와이
672,7319,디어달리아
673,2048,디어덤
674,2703,디어러스 
675,7061,디어렌즈(DEER LENS)
676,6886,디어루시
677,346,디어베리
678,7070,디어블라썸(Dear.Blossom)
679,7019,디어서(DearSir)
680,357,디어제인
681,2598,디어패커(DEAR PACKER)
682,5874,디업(D.UP)
683,7489,디에나(D'ena)
684,1275,디에스비
685,2595,디엘(D.ehl)
686,2805,디오넬 
687,6851,디오디너리(The Ordinary)
688,4949,디오메르
689,7531,디오키드스킨
690,5523,디오프러스
691,7274,디온리원
692,43,디올
693,2016,디자이너스킨
694,5704,디젤
695,7978,디즈니스토어
696,380,디케이
697,5788,디케이 코스메틱
698,5432,디케이메디비젼
699,7304,디크리닉
700,815,디톡스코리아
701,7001,디톨로지(Dtology)
702,393,디티알티(DTRT)
703,7143,디퓨어
704,848,딜라잇18
705,6115,딜론(delon)
706,8035,딥셍떼
707,1278,딥스팁
708,6510,딥오데르
709,288,딥티크(딥디크)
710,6441,딥퍼랑스
711,850,딸고
712,44,딸리까
713,7971,때가솔
714,4125,땡큐파머
715,7046,떼오로(THEORO)
716,1279,떼즈블랑(TEZBLANC)
717,4563,또랑뜨(TORRENTE)
718,1281,뚜라비
719,6963,뚱(ddung)
720,349,뜨엘
721,7912,띠땅아기생활연구소
722,7832,띵스(THINX)
723,6980,라 리브(LA RIVE)
724,45,라 메르(LA MER)
725,2415,라 클라리
726,46,라 프레리
727,2835,라곰
728,1282,라꼴린느
729,1283,라꾸베
730,670,라끄베르
731,5614,라끄시안
732,7023,라끌랑(LAQLANC)
733,7031,라네베(LANEVE)
734,7856,라네이처(LA NATURE)
735,47,라네즈
736,392,라네즈옴므
737,721,라노립스
738,900,라노아
739,6867,라누벨뽀(La Nouvelle Peau)
740,1284,라다메르
741,1105,라뒤레
742,7828,라드하 뷰티(Radha Beauty)
743,7919,라디셀(RADICELL)
744,5089,라라
745,5584,라라문(LaLaMoon)
746,263,라라베시
747,3041,라라엔씨
748,48,라로슈포제
749,1285,라르꼬발레노
750,7091,라르끄
751,6388,라린
752,7050,라마레따(La maleta)
753,6264,라마린(LAMALIN)
754,7966,라메종플러스
755,5931,라모수
756,6283,라뮤즈(LAMUSE)
757,1287,라미스떼
758,1994,라미화장품
759,5778,라반
760,892,라베라(lavera)
761,1288,라벨로나
762,1289,라벨르
763,701,라벨영
764,3849,라보니따
765,439,라보닉
766,965,라보라토리오 올파티보
767,7307,라보레
768,895,라보메
769,306,라보케어
770,7795,라보타치
771,7010,라부르켓(L:A BRUKET)
772,7708,라뷰떼코스메틱(LABUTE)
773,6207,라비나(LAVINA)
774,49,라비다
775,1290,라비뷰티
776,7943,라비앙(LAVIEN)
777,2856,라비오뜨
778,7889,라비템
779,4165,라빌라
780,5685,라빠레뜨뷰티
781,1291,라뽀엘
782,7473,라세아
783,6639,라스텔라
784,5209,라쌍떼
785,5093,라엘
786,2484,라온컴퍼니
787,1292,라우쉬
788,3561,라운드 어라운드
789,6094,라운드랩
790,5819,라이브클린
791,5898,라이온
792,4249,라이온(LION)
793,6677,라이징스타
794,7177,라이징웨이브
795,4440,라이콘(LYCON)
796,3681,라이프플로(Life-flo)
797,2400,라일리
798,3945,라임 크라임
799,5939,라임네이처
800,3497,라임코스메틱
801,5783,라제니쏭
802,7251,라치나타(LA CHINATA)
803,6689,라코리
804,6164,라코스테(LACOSTE)
805,1294,라콘테
806,6105,라크메
807,307,라클리아
808,5661,라테고
809,5632,라티움
810,445,라티잔 파퓨머
811,3909,라티티
812,7521,라파레1789
813,4141,라파뷰
814,8013,라파젠
815,4037,라페르바
816,706,라펜
817,1295,라포랩
818,320,라포레
819,1296,라포뮬
820,7969,라포앙
821,3429,라포티셀
822,5941,라퓨레브
823,2868,라프(LaF)
824,975,라프레쉬
825,6037,라프로솔
826,5526,라프시몬스
827,7674,라플란디아(LAPLANDIA)
828,1297,라피네지오
829,6621,라피오리
830,7032,라피타
831,915,라헬
832,6698,라후뜨(LAHUTT)
833,5723,락시옹
834,7511,락컬러
835,4109,락타사이드(Lactacyd)
836,5982,랄라블라(왓슨스)
837,509,랄프로렌
838,617,랑
839,402,랑방
840,7047,랑벨(LANBELLE)
841,608,랑세
842,6941,랑스레
843,50,랑콤
844,328,랑팔라투르
845,7003,래쉬톡(lashtoc)
846,1301,랜더
847,5884,랜드뮤지엄
848,6671,랩노(LabNo)
849,51,랩시리즈
850,1045,랩코스(LAPCOS)
851,7650,랩포유(LAB FOR YOU)
852,983,랩피토
853,1302,러뷰
854,7443,러뷰(에제르코스메틱)
855,4539,러브 앤 토스트 (Love & Toast)
856,7444,러브바스
857,2433,러브스위치 
858,6910,러브앤피스(LOVE&PIECE)
859,5781,러브유어플래닛
860,7607,러브패스포트(Love Passport)
861,5595,러블럽
862,295,러블리메모리
863,7643,러블리엘(LOVELY-L)
864,712,러비더비
865,7846,러비버디
866,52,러쉬(LUSH)
867,5877,러스(LUS)
868,7330,럭스뷰티(luxebeauty)
869,7635,럽피(LUV.P)
870,7994,레그미
871,5037,레꽁쁠레
872,53,레나
873,939,레노(LAINO)
874,7055,레노덤
875,1303,레노마
876,5765,레드북
877,6269,레드애플
878,5933,레디
879,7442,레르드사봉(L'air De SAVON)
880,1984,레머지
881,7664,레미셀(REMICELL)
882,7542,레미쇼방
883,6687,레베나(Lebena)
884,1064,레베카본본
885,7474,레베코코
886,4801,레보네(Rebonne)
887,5237,레불
888,6407,레브(R:EVE)
889,54,레브론(revlon)
890,2682,레브르 
891,2965,레브쌍
892,1304,레비바랩스
893,1305,레비브레
894,7503,레비솝
895,957,레비톨
896,5137,레삐유(Repit u)
897,3433,레세나
898,1307,레스트리
899,655,레스틸렌
900,6452,레시피 바이 슬로가닉
901,6901,레아라 나우비(Rearar NowB)
902,6239,레어듀(Rare Due)
903,7078,레오 티지아노
904,595,레오놀그렐
905,859,레오롬
906,7429,레이데이(LAYDAY)
907,4512,레이디가가
908,6757,레이디그린
909,3749,레이디스피드스틱
910,2445,레이디앤스킨
911,5900,레이디킨
912,806,레이라니
913,55,레이블엠
914,4583,레이비(Leivy)
915,483,레이펄스
916,6153,레인보우(Rainbow)
917,7425,레인보우라이트
918,5935,레인보우뷰티
919,2043,레쥬베라
920,2024,레츠큐어
921,5839,레티나지
922,56,레파차지
923,1004,레페토
924,1311,레퓨어
925,6278,레피소드
926,3281,렉살린
927,2064,렉솔(REXSOL)
928,8046,렉스덤
929,773,렌
930,1313,렌슬리
931,7701,렌시스(LENSSIS)
932,5886,렌즈걸
933,6391,렌즈나인
934,5437,렌즈디바(LENS DIVA)
935,5396,렌즈미(LENSME)
936,5409,렌즈스토리
937,5455,렌즈타운
938,5403,렌즈피아
939,5861,렙(re:p)
940,6282,렛미스킨
941,6377,렛헐메이크오버
942,451,려
943,948,로고나
944,1314,로나스
945,2355,로니앤
946,5422,로덱스
947,2493,로띠에
948,57,로라메르시에
949,5801,로라애슐리
950,4809,로레알 프로페셔널 파리
951,58,로레알파리
952,6907,로렌조 빌로레시(Lorenzo Villoresi)
953,6418,로로스키니
954,5918,로리니크
955,7570,로마(Loma)
956,5696,로메르
957,1989,로미로미
958,5454,로버츠(Roberts)
959,5600,로베르토 까발리
960,776,로베르트 피게
961,1315,로베아(Lovea)
962,654,로벡틴(ROVECTIN)
963,5735,로벤타
964,6271,로브로제
965,318,로사퍼시픽
966,6595,로스켄(ROSKEN)
967,717,로쎄앙
968,1316,로얄골드
969,802,로얄네이쳐
970,7192,로얄스킨
971,3177,로얄아포틱
972,7530,로어티브
973,4661,로우(Raw)
974,1317,로웰
975,6953,로이뷰티
976,5471,로잘리아(Rosalia)
977,2054,로저앤갈렛(ROGER & GALLET)
978,5498,로제(Rosee)
979,7255,로제두마틴
980,8100,로제앙뜨(Roséeant)
981,6330,로제트
982,852,로쥬키스
983,8087,로즈리나(ROSELINA)
984,1320,로즈마인
985,7987,로즈몽
986,1321,로즈문
987,764,로즈앤코
988,6776,로즈하트
989,7158,로지로사(ROSY ROSA)
990,7037,로츠(Lotts)
991,7185,로코엘
992,5902,로타러브(LottaLuv)
993,7691,로터스(lotus)
994,6403,로토(ROHTO)
995,59,로트리
996,874,로픈
997,5113,로하셀
998,1323,로하스베베
999,1324,로하스보
1000,2050,로하시스
1001,7351,로한
1002,6943,록(ROC)
1003,60,록시땅
1004,6285,록키스(Rokkiss)
1005,2065,롤리아
1006,487,롤리타 렘피카
1007,1326,롤린느
1008,6019,롬앤(ROMAND)
1009,2196,롭스
1010,7669,롭킨(LOV'KIN)
1011,5878,롱리치(Longrich)
1012,5977,루21(rue21)
1013,440,루나
1014,61,루나솔
1015,5777,루데아
1016,2622,루디(Rudy)
1017,6837,루디아프레그런스
1018,3557,루루룬
1019,2184,루마카 (LUMACA)
1020,5659,루마카드오로
1021,980,루메네
1022,5858,루메이즈
1023,6667,루미가넷
1024,1100,루미에르
1025,936,루벨리
1026,6694,루브리덤(Lubriderm)
1027,1327,루비셀
1028,4552,루비크라운
1029,8040,루쉬톡
1030,769,루시도엘
1031,12,루시도엘
1032,1329,루시아라
1033,5868,루시올레
1034,3145,루시코
1035,7071,루아스
1036,5125,루아인
1037,5583,루안
1038,1330,루앙
1039,5987,루오끼(LUOKI)
1040,6280,루이 비통 (LOUIS VUITTON)
1041,7191,루이비엘(LOUISVIEL)
1042,5487,루이셀
1043,5662,루이스1987
1044,7324,루이앤레이
1045,5855,루이첼
1046,6815,루즈버니루즈(Rouge Bunny Rouge)
1047,7801,루츠베이스
1048,3353,루치아노 소프라니 
1049,2011,루카스포포레메디스
1050,5840,루크
1051,1331,루트리
1052,7705,루트캔들
1053,7393,루피움(lupium)
1054,4201,룩소캔들
1055,3093,류스파
1056,6514,류케이웨이브
1057,2949,르 꽁뚜아르 뒤뱅 LCB
1058,1047,르 소프트 퍼퓸
1059,913,르네셀
1060,1332,르네즈미
1061,62,르네휘테르 (Rene furterer)
1062,8060,르누베르
1063,432,르라보
1064,1039,르뮤
1065,4005,르미네상스
1066,6056,르뱅나튀렐(LEVAIN NATUREL)
1067,7504,르베라쥬
1068,4997,르벨라(Leperla)
1069,3341,르본
1070,7611,르브와(Revoir)
1071,6101,르샤
1072,1333,르샤트라 1802
1073,1080,르세라이
1074,5057,르아베크(Leavec)
1075,5415,르얀(LE YANN)
1076,7432,르엘비디(Le LVD)
1077,7520,르주르
1078,5695,르퀼라야
1079,5814,르탄 (Letan)
1080,63,르페르
1081,4753,르포(Lepo)
1082,1334,르포렘
1083,7412,르플랑
1084,1335,르헤브
1085,6059,리가든
1086,7594,리거톡스
1087,7129,리네아빔비 (linea bimbi)
1088,338,리놀라
1089,6856,리놀레카(Linoleca)
1090,8102,리뉴메디
1091,958,리더겐
1092,1337,리더스
1093,7494,리듀어
1094,3297,리디엔에이
1095,64,리리코스
1096,5435,리리코스 마린에너지
1097,5648,리리코스 마린플러스
1098,6628,리메스카
1099,5428,리바이탈 래쉬
1100,7259,리바이포유
1101,7044,리바지(RIVAGE)
1102,7331,리베르
1103,7837,리베르타
1104,6234,리본(Reborn)
1105,7877,리본셀
1106,6199,리봄화장품
1107,7944,리브리브
1108,1339,리브코이
1109,7484,리븐 로즈(Leven Rose)
1110,5686,리비바랩
1111,7075,리비베레(Rivivere)
1112,7002,리비한
1113,4045,리빙 프루프 (Living Proof)
1114,4265,리빙네이처
1115,8005,리사스킨 래보라토리즈
1116,7463,리산
1117,2056,리셀스킨
1118,1340,리셋
1119,836,리스앙쥬
1120,65,리스킨
1121,7066,리스태포드 (Lee Stafford) 
1122,1341,리시리
1123,3013,리아 주르노
1124,639,리아네이처
1125,6817,리아진
1126,682,리액티베이터
1127,1342,리앤류랩
1128,6221,리앤리
1129,7950,리앤오
1130,8017,리앤유
1131,1026,리얼 테크닉스 (Real techniques)
1132,7400,리얼베리어
1133,2208,리얼스킨
1134,7743,리에락(LIERAC)
1135,752,리엔
1136,6096,리엔젤(REANGEL)
1137,66,리엔케이
1138,67,리오엘리
1139,7601,리올코리아(Re:All Korea)
1140,5825,리우조(LIUJO)
1141,6073,리원
1142,7777,리인(LIIN)
1143,1345,리절타임 꼴랑
1144,3733,리제네프(ReGenAf)
1145,1347,리젠코스메틱
1146,7461,리쥬란®힐러
1147,7789,리즈 얼(Liz Earle)
1148,1111,리즈벳
1149,68,리즈케이
1150,6133,리즐리
1151,5077,리체나
1152,7892,리추얼스(RITUALS)
1153,419,리치리치
1154,6924,리코리스
1155,6450,리클레어
1156,7956,리토우(retaW)
1157,1172,리틀그린래디칼스 (그린베이비)
1158,7649,리틀마마(Little mama)
1159,7768,리틀블링
1160,1349,리틀트윅
1161,4277,리파
1162,5871,리페라
1163,6931,리포브(REPOVE)
1164,69,리포존
1165,5309,리프레쉬
1166,971,리프셀
1167,3073,리프팅 레시피 
1168,4813,리피엘
1169,720,린다 요한슨
1170,2919,린데사 
1171,4273,린든리브즈
1172,545,린제이
1173,5480,릴라릴리
1174,6866,릴리바이레드(lilibyred)
1175,642,릴리스위시
1176,5533,릴리안
1177,1351,릴리오브더데저트
1178,5483,릴문(LILMOON)
1179,2961,림멜(RIMMEL)
1180,1352,림비
1181,6013,립스매커
1182,6321,립스틱 퀸(LIPSTICK QUEEN)
1183,6186,릿 코스메틱(lit)
1184,2478,링고코리아
1185,6751,마가렛조세핀
1186,5734,마나술
1187,308,마녀공장
1188,7761,마누세라(MANUCERA)
1189,2520,마뉴팍투라(manufaktura)
1190,1353,마담미쉘
1191,2151,마담행
1192,7682,마댕(madin)
1193,6203,마더네스트
1194,3485,마더메이드
1195,7220,마드레랩스(Madre Labs)
1196,5812,마드레매직
1197,7780,마디나(MADINA)
1198,2460,마랑
1199,6204,마렌뷰티
1200,70,마루빌츠
1201,1355,마르게리따 겔
1202,6666,마르노아
1203,7371,마르셀(marcelle)
1204,7765,마르시끄(Marshique)
1205,1043,마리 끌레르
1206,2082,마리꼬
1207,3717,마리나드브루봉(MARINA DE BOURBON)
1208,2589,마리나올가
1209,313,마리루비오
1210,7754,마리스텔라마리스
1211,7712,마리아 닐라(maria nila)
1212,1028,마리아갈랑
1213,5257,마리앤유
1214,5793,마리에(malie)
1215,71,마리오바데스쿠
1216,4721,마리우스 파브르
1217,1356,마리포사
1218,7362,마린센츠
1219,6386,마마몽
1220,4113,마마버터
1221,6268,마마치
1222,72,마몽드
1223,73,마뮤
1224,4641,마미부비
1225,3185,마사키 마츠시마 
1226,669,마쉐리
1227,74,마스꼴로지
1228,6975,마스카컴퍼니
1229,6305,마스커에이드(MASKERAIDE)
1230,2574,마스킹
1231,7861,마유나라
1232,3157,마유다
1233,1359,마유천사
1234,1360,마이너스 제로
1235,7619,마이노벨(MY NOBEL)
1236,7836,마이다스툴
1237,7348,마이리얼스킨
1238,5133,마이마유
1239,1361,마이미
1240,485,마이뷰티다이어리
1241,1362,마이쉘더마슈티컬(Mychelle dermaceuticals)
1242,7881,마이스킨(maiskin)
1243,877,마이에센스
1244,6654,마이엠(my.m)
1245,7162,마이코한(MAIKOHAN)
1246,4217,마이크로셀
1247,4557,마이클코어스(MICHAEL KORS)
1248,6929,마이튜브
1249,6298,마이헤어스토리
1250,75,마죠리카 마죠르카
1251,5442,마지맥스
1252,568,마지스레네
1253,2036,마카다미아프로페셔널
1254,2977,마케리마케
1255,3317,마크앤써니(MARC ANTHONY)
1256,76,마크제이콥스
1257,7426,마키사키
1258,3833,마티나 겝하르트
1259,5017,마티덤
1260,6361,마티스 파리
1261,5456,만다리나덕
1262,7558,만자니아
1263,6593,말리스묄러
1264,1365,맘비노 오가닉스
1265,1367,매나테크
1266,5684,매닉 패닉
1267,1368,매드히피(Mad Hippie)
1268,1369,매자이트리
1269,77,매직뷰티
1270,78,맥 (MAC)
1271,783,맥스클리닉
1272,4905,맥스팩터(Maxfactor)
1273,7763,맥실(MAXIL)
1274,7379,맥심
1275,5653,맥앤로건
1276,822,맥퀸뉴욕
1277,2487,맨담
1278,2712,맨담 베이비베일 
1279,334,맨사이언스
1280,345,맨즈스킨
1281,7168,머메이드 살롱(Mermaid Salon)
1282,435,머스테브(MustaeV)
1283,6368,머지(merzy)
1284,5496,먹어도좋아
1285,7193,먼슬리 코스메틱
1286,5784,멀블리스(MERBLISS)
1287,7109,멀크락(MULKLOCK)
1288,6052,멈칫
1289,4261,메가리치
1290,7135,메구미(MEGUMI)
1291,3725,메나드
1292,6653,메나리니
1293,7386,메니콘
1294,2466,메다비타
1295,1371,메드라인
1296,7748,메디겟(ME:DI GET)
1297,6693,메디마인(MEDIMINE)
1298,5463,메디믹스
1299,6942,메디블레스
1300,4865,메디블록 (Mediblock)
1301,6702,메디셀바이오
1302,757,메디션
1303,6692,메디소스(MEDISOS)
1304,7039,메디솔
1305,4845,메디쉬재팬(medici japan)
1306,7008,메디슨에비뉴
1307,7830,메디앤서
1308,6005,메디어스
1309,6909,메디에
1310,1373,메디엔탈
1311,1374,메디엘
1312,7196,메디컬 팩토리
1313,7095,메디코리아
1314,5887,메디큐브
1315,7092,메디타임 네오
1316,6142,메디테라
1317,7778,메디포포
1318,5988,메디프런트
1319,1375,메디플라워
1320,2127,메디플랜
1321,1376,메디필
1322,7214,메디하임
1323,789,메디힐
1324,857,메론
1325,5515,메르비
1326,820,메르세데스 벤츠
1327,1032,메르필
1328,1377,메리뮤
1329,7364,메리앤영
1330,79,메리케이
1331,7081,메리트
1332,6334,메리햄스터(Merry Hempsters)
1333,3325,메모
1334,1991,메블릭퍼퓸
1335,1378,메소드
1336,2046,메이뉴욕
1337,6858,메이드앤메이크(MADEANDMAKE)
1338,6896,메이든느와르
1339,5705,메이리화장품
1340,2721,메이브리즈 
1341,80,메이블린 뉴욕
1342,8023,메이쇼쿠
1343,6373,메이슨피어슨
1344,7882,메이시크
1345,6086,메이아일랜드
1346,4081,메이엔
1347,7840,메이준
1348,374,메이쿱
1349,7200,"메이크비(MAKE,B)"
1350,5426,메이크업 이레이저(MAKEUP ERASER)
1351,2937,메이크업레볼루션
1352,7546,메이크업스튜디오
1353,81,메이크업포에버
1354,759,메이크업헬퍼
1355,2031,메이크온
1356,782,메이크트웬티
1357,5514,메이크프렘
1358,7888,메이크힐
1359,8079,메이팜
1360,4544,메종 마르지엘라 (Maison Margiella)
1361,659,메종 프란시스 커정
1362,6870,메종드라엘
1363,5761,메종드베베
1364,6415,메카딕스(MEKADIX)
1365,7648,메트로놈(METRONOME)
1366,5033,메트리콜
1367,1381,멘넨
1368,803,멘소래담(맨소래담)
1369,792,멜라루카
1370,7715,멜로멜리(meloMELI)
1371,567,멜린앤게츠
1372,82,멜비타
1373,7419,멜사본
1374,6116,멜팅피
1375,6576,모가득
1376,2002,모공도둑
1377,1384,모노더마
1378,6001,모노템
1379,627,모델로
1380,6769,모델스오운(modelsown)
1381,4289,모도루코리아
1382,7389,모라츠(moraz)
1383,5542,모레모
1384,83,모로칸오일
1385,7909,모르간드뚜와
1386,6348,모리스가든
1387,2051,모리채(MONOMOLA)
1388,6747,모메이(momeii)
1389,7243,모모쏘우(MOMOSOW)
1390,7476,모모타니
1391,501,모스키노
1392,955,모아(MOA)
1393,6416,모아트
1394,5229,모어뷰티
1395,3585,모에타
1396,7391,모웰
1397,6474,모제림닥터헤어솔루션
1398,1387,모코소이
1399,6342,모크샤(MOKSHA)
1400,7945,모트(MOTE)
1401,7936,모트앤베일리(Motte & Bailey)
1402,4029,모하니
1403,7219,몬더비
1404,6372,몬스토리(MONSTORY)
1405,7263,몰토베네
1406,573,몰튼 브라운
1407,5680,몰피
1408,2382,몽고키스
1409,3449,몽니스
1410,4592,몽디에스
1411,6743,몽베누스
1412,581,몽블랑
1413,8000,몽블리몬스터
1414,5345,몽블리에
1415,5914,몽태랑
1416,4462,무구(MOOGOO)
1417,3161,무궁화
1418,1390,무닉
1419,812,무드매쳐
1420,1022,무슈제이
1421,640,무스텔라
1422,6947,무스투스(MUSTUS)
1423,7581,무아(MUA MAKEUP ACADEMY)
1424,7199,무어스파
1425,7411,무이벨라
1426,1391,무인양품
1427,6295,무쯔나미
1428,698,무코타
1429,1392,묵티
1430,919,문샷
1431,7591,물다(Moolda)
1432,84,뭄
1433,1394,뮤겐스
1434,2502,뮤라드
1435,6466,뮤러쉬
1436,7736,뮤렌(MURREN)
1437,1997,뮤뮤르(MUMUR)
1438,7756,뮤스템
1439,6876,뮤즈베라(MUSE VERA)
1440,85,뮬
1441,887,미가람
1442,741,미가비
1443,460,미구하라
1444,5720,미나비
1445,6061,미남프로젝트(미프)
1446,6555,미네랄 뷰티 시스템
1447,7661,미네랄랩스(MINERAL LABS)
1448,6003,미노코스
1449,7735,미논(MINON)
1450,7728,미누
1451,7630,미니멀어스(Minimal.ous)
1452,6198,미니소(MINISO)
1453,990,미다스킨
1454,6068,미도코스(MIDOCOS)
1455,6903,미드나잇 시네마
1456,5633,미듬산업
1457,5748,미라떼패셔니
1458,5755,미라클 아일랜드(MIRACLE ISLAND)
1459,3573,미라클로망스
1460,1398,미라클오브제
1461,8032,미라클진
1462,5433,미라클톡스(MIRACLETOX)
1463,1399,미래파
1464,5973,미르필코리아(MIRFEEL)
1465,5700,미모야
1466,4681,미미로린스
1467,5724,미미로린스 어포더블 럭셔리
1468,6835,미미앙
1469,86,미샤
1470,7464,미세스메이어
1471,1401,미소스
1472,6046,미소월
1473,4877,미소유
1474,6359,미슈블루밍
1475,8043,미스데이스킨
1476,7215,미스레그
1477,1403,미스매드
1478,7549,미스미즈
1479,6032,미스에이지
1480,7644,미스케이(MissK)
1481,1404,미스코(MISSCO)
1482,7673,미스킨(miSkin)
1483,8050,미스터파이브
1484,908,미스트랄
1485,87,미스티안
1486,3425,미스틱 하버
1487,462,미슬린
1488,6777,미아뜨(MIATTE)
1489,930,미애부
1490,4458,미앤코
1491,2364,미오기 
1492,1408,미와수
1493,5944,미우미우
1494,7478,미인록
1495,88,미쟝센
1496,1409,미젤랑
1497,953,미즈노텐시
1498,298,미즈온
1499,89,미쯔요시
1500,7268,미친스킨
1501,1410,미카
1502,3569,미카로카
1503,3697,미코노스(MYCONOS)
1504,4453,미클랜
1505,6356,미클릭
1506,90,미키모토 코스메틱
1507,8094,미타웰(Mitawell)
1508,4601,미토피아
1509,985,미팩토리
1510,3261,미포샵
1511,7189,미화스토리
1512,6347,믹스뷰티
1513,2223,밀라니 
1514,821,밀러 해리스
1515,6984,밀리마쥬
1516,5446,밀본(Milbon)
1517,6036,밀콧
1518,8070,밀크메이크업
1519,5333,밀크앤코(milk&Co)
1520,740,밀키드레스
1521,7422,밀턴로이드
1522,4428,바게지 (Vagheggi)
1523,2904,바나나 리퍼블릭 
1524,597,바나나보트
1525,6957,바나다코스메틱(VACO)
1526,7007,바나브(VanaV)
1527,1414,바네도
1528,6291,바노 코스메틱
1529,6178,바노바기
1530,6394,바니루니
1531,4745,바니크림(Vanicream)
1532,6374,바닐라 스컹크
1533,7440,바닐라베리
1534,921,바닐라부티크
1535,91,바닐라코
1536,4173,바다미소
1537,7800,바데메이스테레이(BADEMEISTEREI)
1538,427,바디네이처
1539,7681,바디럽(BODYLUV)
1540,7541,바디앤네이처
1541,6261,바디컷
1542,3309,바디콜로지(Bodycology)
1543,461,바디판타지
1544,6070,바디홀릭
1545,8125,바라보니
1546,6042,바랑소리
1547,6997,바록스(BaROX)
1548,1099,바론(BARON)
1549,7235,바루랩(BARULAB)
1550,1417,바르시오
1551,7260,바름메디
1552,7774,바리엘
1553,6087,바바나나
1554,6871,바바리안H(BARBARIAN H)
1555,3897,바버(BABOR)
1556,7320,바보보태니컬스(Babo Botanicals)
1557,93,바비 브라운
1558,1419,바비니
1559,1420,바비로아
1560,92,바비리스
1561,7171,바비멜로
1562,94,바비펫
1563,95,바세린
1564,5389,바슈롬
1565,7597,바스로망
1566,5516,바스트우드
1567,7445,바실리사
1568,6575,바유
1569,7662,바이노바(ByNOVA)
1570,1421,바이라
1571,590,바이레도
1572,5804,바이레미떼
1573,884,바이빠세
1574,2730,바이손 
1575,7628,바이애콤(BY ECOM)
1576,3753,바이오가
1577,96,바이오더마
1578,6357,바이오레시피
1579,3081,바이오메드
1580,6225,바이오아쿠아(BIOAQUA)
1581,518,바이오오일
1582,910,바이오이펙트
1583,5687,바이오큐틴
1584,4841,바이오티크
1585,6754,바이오퍼시픽
1586,5425,바이옥시디아(BIOXIDEA)
1587,7510,바이올렛보스(violetvoss)
1588,1054,바이크림
1589,317,바이탈뷰티
1590,599,바이테리
1591,2499,바이트뷰티(Bite Beauty)
1592,780,바이핸드메이더
1593,950,바이허브
1594,8026,바지실(Vagisil)
1595,7970,바툼
1596,758,바티스트
1597,7186,바프시스(Varpsys)
1598,6256,박준뷰티랩
1599,97,반디
1600,7679,반디비(BANDI BEE)
1601,5709,반코르
1602,454,반클리프 앤 아펠
1603,816,반트 36.5 (VANT 36.5)
1604,8083,발드르(BALDR)
1605,5805,발라손 (VALASON)
1606,5233,발레아
1607,744,발렌시아가
1608,609,발렌티노
1609,488,발망
1610,1425,발몽
1611,3409,발효 이야기
1612,5551,밤밤
1613,690,밤코스메틱
1614,6159,밥미키
1615,1426,방앗간화장품
1616,7465,배내스템
1617,829,배드스킨
1618,7150,백 투 식스틴(BACK TO SIXTEEN)
1619,7005,백도씨테일러(100도씨 테일러)
1620,6141,백미인
1621,7344,백아율
1622,5580,백옥생
1623,4789,밸르모나
1624,1427,밸리수
1625,1428,뱃저
1626,6949,뱅네프 생토노레
1627,6417,버르장머리(ANGRYHEAD)
1628,98,버버리
1629,926,버버즈
1630,6646,버블몬스터
1631,6718,버블스킨
1632,4527,버블타임
1633,2313,버진코리아 
1634,99,버츠비
1635,2993,버터 런던 (butter LONDON)
1636,7004,벅섬(BUXOM)
1637,4061,범블앤범블
1638,4093,베네브
1639,6728,베네비타
1640,2643,베네지아
1641,1432,베네코스코리아
1642,947,베네통
1643,5845,베네툴
1644,100,베네피트
1645,1050,베니넷
1646,5201,베니즈와
1647,496,베라왕
1648,1433,베로니스
1649,1435,베르뉴
1650,6719,베르두
1651,6085,베르베르스
1652,6205,베르베린
1653,3785,베르사유의 장미
1654,491,베르사체
1655,1436,베르플로스
1656,412,베리떼
1657,6304,베리맘
1658,8104,베리미(Veryme)
1659,370,베리브
1660,6007,베리식스
1661,651,베리썸
1662,1437,베리코스
1663,1438,베베가닉
1664,7376,베베랩
1665,5353,베베셀
1666,4637,베베스킨
1667,6092,베베와나
1668,6786,베비루미 
1669,762,베비언스
1670,7458,베사메코스메틱
1671,286,베스
1672,5582,베스베니
1673,7043,베스하우스(BATH HOUSE)
1674,5829,베쏘네
1675,2069,베어미네랄
1676,3865,베어블랑
1677,1442,베이비가닉스
1678,5883,베이비블랑켓
1679,1449,베이지츄
1680,4697,베카 (Becca)
1681,2571,베티 바클레이
1682,632,벡스터 오브 캘리포니아
1683,6973,벤자겔(Benzagel)
1684,2367,벤자케어
1685,1451,벤튼
1686,4649,벤틀리오가닉
1687,630,벨라
1688,6703,벨라루체(BELLA LUCE)
1689,5443,벨라몬스터
1690,3689,벨라스킨
1691,578,벨레다
1692,1453,벨레스피아니
1693,7636,벨로코스(BELLOCOS)
1694,5767,벨론
1695,7734,벨르랑코(BELLE LANCO)
1696,7675,벨리미뉴
1697,6276,벨먼(VEILMENT)
1698,824,벨모나
1699,814,벨비죠
1700,5616,벨카
1701,2229,벨포트
1702,8118,보고신약
1703,7025,보나데아(BONADEA)
1704,1455,보나메두사
1705,5317,보나벨라
1706,385,보나쥬르
1707,869,보나클
1708,8020,보나파이드
1709,471,보닌
1710,1456,보다나
1711,7895,보드리움
1712,5506,보드맨
1713,2007,보떼(라보떼)
1714,6114,보령머드코리아
1715,6230,보보떼
1716,101,보브
1717,1457,보스닉
1718,1458,보시아(boscia)
1719,1074,보쏘드
1720,2748,보코통
1721,6766,보타네스(BOTANETH)
1722,6500,보타니스트
1723,6232,보타니컬테라피(BOTANICAL THERAPY)
1724,3469,보타니쿠스
1725,5420,보타닉스(Botanics)
1726,6853,보타닉투웬티
1727,831,보타닉팜
1728,481,보타닉힐 보
1729,7358,보타닉힐 보 아이디얼 포 맨
1730,7275,보타메디
1731,5915,보타미안
1732,5634,보태니싸인
1733,7415,보태니컬즈
1734,7854,보탬(VO.TEMM)
1735,691,보테가 베네타
1736,904,보테가 베르데(Bottega Verde)
1737,4825,보텍
1738,7993,보토나 더말로직스
1739,6310,본다이워시
1740,4421,본비반트 (bonvivant)
1741,7824,본어게인뉴
1742,7166,본에어
1743,3241,본코스메틱
1744,931,본트리
1745,6849,볼륨77(Volume 77)
1746,5646,볼빅
1747,6842,볼카
1748,1104,볼트(VOLT)
1749,422,봉프레
1750,102,부르조아
1751,5590,부쉐론
1752,7815,부츠(Boots)
1753,7321,부츠에센셜(Boots Essentials)
1754,5474,부케가르니(Bouquet Garni)
1755,8119,부티크브쥬르(BOUTIQUE BEJOUR)
1756,6222,북해도 바유코보
1757,1460,분스
1758,5815,분장몰
1759,103,불가리
1760,6607,불가리안 로즈
1761,391,불독
1762,5908,불리1803
1763,6918,붐 베이직(Boom Basic)
1764,6120,붐디아다
1765,8009,뷔뜨플랑
1766,1461,뷔센
1767,7332,뷰가닉
1768,941,뷰끌레
1769,867,뷰나
1770,104,뷰닉스
1771,6958,뷰디아니(BEAUDIANI)
1772,7508,뷰랑셀
1773,1005,뷰랩
1774,5707,뷰벨
1775,7576,뷰솔(beau;sol)
1776,6895,뷰썸(Busome)
1777,6710,뷰앤뷰(BEAU N BEAU)
1778,7528,뷰앤뷰티
1779,7820,뷰이슨
1780,6841,뷰인스
1781,7288,뷰코셋(Vuokkoset)
1782,7553,뷰크로스
1783,6883,뷰킷리스트 
1784,6974,뷰티 코티지(Beauty Cottage)
1785,6131,뷰티153
1786,7821,뷰티끄(Butiq)
1787,8008,뷰티끄랩
1788,2073,뷰티끄베베
1789,2736,뷰티라보 
1790,1463,뷰티레시피
1791,2071,뷰티리더
1792,5927,뷰티리쉬
1793,2409,뷰티리퍼블릭
1794,7772,뷰티메드
1795,2535,뷰티모리
1796,321,뷰티버튼
1797,7532,뷰티베이커리
1798,105,뷰티블렌더 (Beauty blender)
1799,7790,뷰티셀럽(BEAUTY CELEB)
1800,7672,뷰티스푼(Beauty Spoon)
1801,106,뷰티쏘클린
1802,5429,뷰티아이
1803,5844,뷰티에어포트
1804,2451,뷰티여우 아토클리닉
1805,5890,뷰티영
1806,6752,뷰티움
1807,5624,뷰티척
1808,4373,뷰티콜라겐
1809,107,뷰티크레딧
1810,5573,뷰티클로
1811,7569,뷰티트리(Beauty Tree)
1812,2403,뷰티트릿
1813,6160,뷰티파이(BEAUTIFY)
1814,875,뷰티포뮬라
1815,6643,뷰티풀닷컴
1816,108,뷰티풀스킨
1817,5846,뷰티프렌즈2
1818,577,뷰티피플
1819,6143,뷰티핏(BEAUTY:FIT)
1820,7312,브델리움툴스(Bdellium Tools)
1821,7525,브라운(braun)
1822,5249,브라운(BROWN)
1823,5699,브라운랩
1824,7868,브랑떼
1825,6487,브레스킨
1826,7898,브레오(breo)
1827,7940,브로앤팁스
1828,8021,브로이코스메틱
1829,882,브론니
1830,7163,브리스킨(briskin)
1831,6818,브리아(BRILLAR)
1832,2008,브리앙뜨레브
1833,1465,브리엔
1834,4225,브리지트
1835,4410,브리트니 스피어스
1836,6311,브리티시엠
1837,2796,브리한스 
1838,2463,브릴리언트
1839,7913,브링그린
1840,7518,브에노
1841,8089,브이글램(VGLAM)
1842,7402,브이에이피(VAP)
1843,5357,블라블라 베이비
1844,652,블라이드
1845,2670,블랑누아
1846,8010,블랑두
1847,6625,블랑드
1848,7242,블랑벨(Blancbelle)
1849,7680,블랑블랑
1850,1466,블랑블랑(blanc blanc)
1851,6176,블랑블랙(BLANC BLACK)
1852,5841,블랑앤에클레어
1853,7100,블랙 업 코스메틱(black Up Cosmetics)
1854,4909,블랙루즈
1855,7208,블랙모어스
1856,6318,블랙몬스터
1857,716,블랙샷
1858,5992,블랙엔젤
1859,4169,블램테스틱
1860,6409,블랭크미
1861,7506,블로썸헬스(blossom health)
1862,7827,블루나(Bluna)
1863,5265,블루독 코스메틱
1864,777,블루마린
1865,6609,블루메이
1866,2028,블루바틀
1867,7311,블루블루
1868,2637,블리블리(임블리)
1869,109,블리스
1870,3113,블리스텍스(Blistex)
1871,8054,블리쏘마
1872,7102,블링 팜(Bling Farm)
1873,2901,블링썸 
1874,5650,블링크
1875,5949,비꼼비오(BComBio)
1876,2769,비너스스파 
1877,3997,비네이처
1878,7482,비누가
1879,3213,비누옹달샘
1880,5955,비다걸
1881,3705,비단발
1882,1056,비단생
1883,283,비달사순
1884,6788,비더마틱
1885,7816,비더살롱
1886,5993,비더스킨
1887,7272,비디보브(바이올렛드림)
1888,110,비디비치
1889,2922,비랩
1890,7500,비레머디스
1891,2055,비마스
1892,7684,비밀 (Bmill)
1893,6039,비바리벨라
1894,7405,비바이바닐라(바닐라코)
1895,7579,비바이오(be bio)
1896,2271,비바코리아
1897,6175,비밸런스
1898,5904,비버리힐스 폴로클럽
1899,5407,비버즈
1900,6843,비브라스
1901,4516,비블리아
1902,7781,비비르(VIVIR)
1903,5061,비비벨라
1904,1095,비비슈어
1905,537,비비안 웨스트 우드
1906,1469,비비야
1907,6057,비비토(VIVITO)
1908,3737,비셰(Visee)
1909,111,비쉬
1910,1470,비스페라
1911,5957,비시크
1912,1471,비아로사
1913,3505,비알
1914,5641,비알워터풀
1915,7764,비앤비(B&B)
1916,8128,비앤비메디컬
1917,1008,비앤솝
1918,6807,비앤진(VIEnGENE)
1919,1728,비어썸(Beausome)
1920,5597,비어타민
1921,7147,비에끄(VIEQ)
1922,8082,비에스코퍼레이션
1923,7992,비에이치에프(BHF)
1924,1473,비에코
1925,5670,비에타
1926,2286,비엘렌다
1927,7283,비엘리(Biellee)
1928,6522,비엠엘(BML)
1929,554,비오레
1930,7293,비오코스
1931,1476,비오쿠라
1932,5610,비오클라쎄
1933,1477,비오텀(비오투름)
1934,112,비오템
1935,113,비오템옴므
1936,5577,비오피치나 토스카나
1937,1478,비올란
1938,2655,비욘(Vyon)
1939,114,비욘드
1940,1035,비욘드 더레미디
1941,5485,비욘세
1942,562,비욘악센
1943,115,비유비
1944,8062,비자함
1945,7612,비제아르(Viseart)
1946,116,비젠
1947,8022,비주
1948,1479,비즈톡스
1949,7222,비치헛(Beach hut)
1950,1481,비타끄렘므
1951,6099,비타민월드
1952,441,비타민하우스
1953,5464,비타브리드(Vitabrid)
1954,117,비투와이
1955,118,비트
1956,6345,비트레스(VITRESS)
1957,467,비판톨
1958,119,비페스타
1959,7453,비퓨어
1960,6162,비프루브(VPROVE)
1961,1484,빅그린
1962,2508,빅터앤롤프
1963,7555,빅토리뉴욕
1964,303,빅토리아
1965,497,빅토리아시크릿
1966,7931,빈센트존
1967,1048,빈스캐빈
1968,6655,빌라쥬11팩토리(VILLAGE 11 FACTORY)
1969,8123,빌리(byly)
1970,335,빌리질러시
1971,120,빌리프
1972,566,빠니에 데 썽스
1973,1486,빠이요(PAYOT)
1974,7291,빼라(BBERA)
1975,7871,뽀빠파리(FAUX PAS PARIS)
1976,5547,뿌띠 (Pputti)
1977,6699,쁘띠로드
1978,6018,쁘띠맘
1979,6233,쁘띠베베
1980,5994,쁘띠보떼
1981,5791,쁘띠트리
1982,6158,쁘띠페
1983,5109,쁘띠플로
1984,4725,쁘리마쥬
1985,683,삐아
1986,1062,사노산(SANOSAN)
1987,6923,사노플로레(SANOFLORE)
1988,7280,사대미녀
1989,5744,사라 제시카 파커
1990,4117,사랑새
1991,4145,사바나 헤어 테라피
1992,403,사바비안
1993,7523,사베마송
1994,4685,사벡스
1995,7894,사보리노(Saborino)
1996,5626,사본느리
1997,1094,사봉
1998,340,사샤후안
1999,4985,사우스비치 스킨 솔루션즈(south beach skin solutions)
2000,755,사이오스
2001,787,사임당화장품
2002,4085,사쿠라베리
2003,7766,사티나(SATINA)
2004,1490,사포렐
2005,7300,사포힐
2006,6021,산다화
2007,7759,산도라 프라그랑스
2008,2325,산새미
2009,2418,산수시
2010,1491,산심
2011,121,산타마리아노벨라
2012,5476,산테
2013,6383,살롱드사봉
2014,2074,살바도르달리
2015,7670,살바토레 페라가모
2016,2057,살소마찌오레 스파
2017,7108,삼마(SHAMMAH)
2018,3373,삼성화장품
2019,8011,삼현제약
2020,5438,상아제약
2021,5795,상하이탕
2022,961,새라제나
2023,954,새살로
2024,5950,새잎새
2025,5851,새티스
2026,474,새한화장품
2027,7342,샐런스
2028,1042,샐리스박스
2029,5979,샘앤션(SAM&SEAN)
2030,942,샘케이
2031,1495,생그린
2032,7689,생활도감
2033,6783,생활참숯
2034,2511,샤나즈
2035,122,샤넬
2036,7522,샤니
2037,458,샤라샤라
2038,6656,샤로떼멘첸
2039,7011,샤리나키 (SarynaKey)
2040,6873,샤리올(CHARRIOL)
2041,1497,샤본다마
2042,3789,샤비엔
2043,4587,샤우마(Schauma)
2044,1498,샤워메이트
2045,8006,샤이노모어
2046,5853,샤이니페이스(Shiny Face)
2047,7145,샤인미
2048,420,샤인에이드
2049,5759,샤인이지글램
2050,5013,샤프란
2051,3885,샬랑 드 파리
2052,2397,샬롯 틸버리 (Charlotte Tilbury)
2053,7814,샴프니(CHAMPNEYS)
2054,7869,샵벨르
2055,4485,샹탈 토마스(Chantal Thomass)
2056,123,샹테카이
2057,1499,샹프리
2058,6794,서나(SEONA)
2059,3933,서밋트리
2060,7588,서울살롱
2061,6771,서울화장품
2062,1500,서원알로에
2063,7491,서화비88
2064,4861,선데이 라일리 (Sunday Riley)
2065,5642,선랩
2066,6074,선물
2067,7069,선인장이다
2068,6919,선티크(SUNTIQUE)
2069,7762,설레임코스메틱
2070,7977,설중정
2071,124,설화수
2072,5489,성분에디터
2073,6079,세나벨라(SENA BELLA)
2074,7403,세노비스
2075,2739,세델
2076,326,세뚜아
2077,6782,세라덤(theraderm)
2078,382,세라바이오
2079,5872,세라바인(Ceravine)
2080,665,세라비
2081,6759,세라젬(CERAGEM)
2082,6154,세라즈(SERAZ)
2083,1501,세라케어
2084,6993,세라코스
2085,3765,세라코코
2086,8001,세라클리닉
2087,6681,세라톱(xeratop)
2088,6779,세러데이스킨(SATURDAY SKIN)
2089,3553,세럴
2090,7322,세럼디피티(Serumdipity)
2091,7654,세레니끄(CELLENIQUE)
2092,7148,세레이져(Cerazor)
2093,6809,세레치피(CellHP)
2094,702,세렌디뷰티
2095,1502,세렌젠
2096,7114,세루티 1881CERRUTI 1881)
2097,4073,세르고
2098,7535,세르본 프레스티지
2099,635,세르주루텐
2100,671,세바메드
2101,125,세바스찬
2102,251,세븐드롭스
2103,1504,세븐디아즈
2104,5663,세븐스 제네레이션(Seventh Generation)
2105,7886,세븐틱(7tic)
2106,5999,세븐피엠
2107,1505,세서미스트리트
2108,3137,세쉐(seche)
2109,5675,세이벨라
2110,531,세이어스
2111,2012,세인트이브스
2112,4953,세잔느(CEZANNE)
2113,7848,세컨리스트
2114,6183,세큐어
2115,526,세타필
2116,997,세파이
2117,1506,세포라
2118,7806,세포랩
2119,6726,섹시스트판타지
2120,5848,섹시포뮬라
2121,667,센카
2122,6033,센텐스(SCENTENCE)
2123,2157,센텔리안 24
2124,7404,센트룸
2125,4385,센틀리에
2126,7723,센티멘탈
2127,4733,센티폴리아
2128,2190,셀 코스메틱
2129,396,셀더마
2130,2268,셀디
2131,5418,셀라(SELLA)
2132,7026,셀라니코(CELRANICO)
2133,1098,셀라피
2134,5757,셀럽미
2135,1003,셀럽바이재클린
2136,7118,셀럽시크릿(Celeb's Secret)
2137,7060,셀럽페이스(CelebFace)
2138,6911,셀레뷰 (celebeau)
2139,6024,셀레스
2140,4001,셀레오페
2141,5998,셀레토크(Celeteque)
2142,7592,셀레피덤(celepiderme)
2143,6854,셀레피트
2144,1508,셀렉스C
2145,6062,셀렌덤
2146,5876,셀로가닉
2147,7874,셀로맥스
2148,6916,셀롱(CELLONE)
2149,5830,셀루밍
2150,1509,셀루스
2151,6927,셀루언스
2152,7203,셀룸(CELLOOM)
2153,7513,셀르
2154,800,셀르엘
2155,7564,셀리맥스
2156,5760,셀리본
2157,1084,셀리시스
2158,7905,셀리턴(CELLRETURN)
2159,6967,셀리톡스
2160,876,셀리한센
2161,6637,셀린저
2162,5741,셀몽드(셀라비)
2163,7647,셀뮬러(CELLMULA)
2164,7131,셀미인
2165,1510,셀바이데이트
2166,6852,셀바이텐(CX10)
2167,2541,셀베다
2168,2030,셀베르트
2169,1511,셀본
2170,6340,셀블룸
2171,5752,셀비엔
2172,8106,셀아처
2173,1072,셀앤비
2174,7398,셀엔코(CELLNCO)
2175,4475,셀코스 BSC
2176,6029,셀큐어(CELLCURE)
2177,6352,셀킨
2178,7610,셀턴(CELLTURN)
2179,7213,셀트리온스킨큐어
2180,5431,셀푸드(Sell Food)
2181,862,셀퓨전씨
2182,7916,셀피덤
2183,2859,셀피움 
2184,126,셉(SEP)
2185,1515,소나연스토리
2186,3313,소녀나라
2187,2187,소니아 카슉
2188,5961,소로시
2189,935,소망화장품
2190,1517,소문
2191,2547,소바솝
2192,5843,소브나인
2193,1518,소비오
2194,2676,소스내추럴스 
2195,1519,소시에떼
2196,7739,소울(XOUL)
2197,7545,소이바이오플러스
2198,6246,소키와칸
2199,3893,소티스
2200,6066,소프리스
2201,6314,소프트립스(SOFTLIPS)
2202,5968,소프트스킨
2203,3221,소프티모(softymo)
2204,6811,소피나(SOFINA)
2205,2343,속물
2206,1079,손바유
2207,127,손앤박
2208,7401,솔가
2209,1521,솔레지오
2210,6920,솔루미에스테(SOLLUME ESTHE)
2211,1068,솔루시안
2212,7418,솔리노트(Solinotes)
2213,4554,솔약사네
2214,3661,솝앤글로리(SOAP&GLORY)
2215,5698,솝하우스
2216,5800,송죽화장품
2217,4989,숄(scholl)
2218,4777,수네이처
2219,6767,수니 (SOONI)
2220,1136,수도크림
2221,7051,수랏(SURRATT)
2222,6098,수랩
2223,517,수려한
2224,6847,수마노
2225,6860,수바나(Suvana)
2226,1523,수분아
2227,8112,수블랑
2228,7059,수소미(SUSO:MI)
2229,7997,수아담
2230,7704,수아도르(SOO ADOR)
2231,838,수아베시토포마드
2232,6395,수아브(suave)
2233,1524,수아비스
2234,7845,수아연
2235,4209,수애 [SOOAE]
2236,7590,수앤(SUUEN)
2237,1526,수에르
2238,6897,수연코스메틱
2239,7954,수오가닉
2240,7831,수이사이
2241,1528,수잔브라운베이비
2242,849,수킨(sukin)
2243,7812,수퍼리브즈(SUPER leaves™)
2244,7499,수페
2245,1529,수피아
2246,7497,순:하다(순하다)
2247,6765,순녹
2248,906,순다리(sundari)
2249,480,순수
2250,3929,순수(soonsoo)
2251,7617,순수데이
2252,5948,순수자아
2253,2469,순자연인
2254,128,숨37
2255,5726,쉬드엘
2256,7115,쉬라(SHIRA)
2257,5738,쉬즈라인
2258,129,쉬즈텍
2259,4398,쉬크(Schick)
2260,5001,쉭드파리(Chic de paris)
2261,674,쉭앤칙
2262,7737,쉴드스튜디오
2263,2262,슈가레브
2264,2649,슈가스트립이즈 
2265,7918,슈돌츠(SDOLZ)
2266,547,슈라멕
2267,2000,슈리에
2268,3417,슈바츠코프(Schwarzkopf)
2269,1536,슈슈페인트
2270,409,슈앤
2271,1537,슈얼리
2272,130,슈에무라
2273,4105,슈오레
2274,3321,슈츠
2275,265,슈퍼내츄럴
2276,4197,슈퍼페이드
2277,5609,슈퍼페이스
2278,7187,스가오(SUGAO)
2279,7616,스린케어(S:RIN CARE)
2280,6663,스마일뷰티
2281,475,스마트핏
2282,257,스매쉬박스(smashbox)
2283,6316,스멜리(SMELLY)
2284,8004,스멜캅
2285,650,스무드이
2286,7111,스무스 어웨이(Smooth Away)
2287,530,스미스 로즈버드살브
2288,606,스바보다
2289,7377,스비스
2290,672,스와니코코
2291,6770,스와비(SUAVE)
2292,612,스웨거
2293,2020,스웨디시뷰티
2294,1538,스위스나뚜리치
2295,1001,스위스저스트코스메틱
2296,131,스위스킨(suiskin)
2297,425,스위스퍼펙션
2298,963,스위스퓨어
2299,7472,스위츠스위츠
2300,7562,스위틴
2301,3381,스윗 세실리
2302,1539,스윗드롭스
2303,7076,스즈요코리아
2304,1540,스카이밀크
2305,5612,스칼프 디 (SCALP D)
2306,6706,스캇 바넷(SCOTT BARNES)
2307,6211,스캔들
2308,6859,스케덤
2309,2430,스키너리즘
2310,6922,스키네이쳐(SKINATURE)
2311,4333,스키니온(skinion)
2312,5923,스키니탠
2313,2124,스킨 바리스타
2314,6944,스킨 아이디어
2315,799,스킨1004(스킨천사)
2316,6885,스킨32 (SKIN 32)
2317,132,스킨79
2318,6384,스킨9빌리지
2319,5536,스킨HD
2320,6149,스킨네이션
2321,6723,스킨닥터
2322,1542,스킨닥터 미바(MiBA)
2323,5739,스킨덤
2324,8042,스킨라벨르
2325,6171,스킨레브(SKINREV)
2326,1058,스킨리아(SKINRIA)
2327,8117,스킨메시지
2328,7864,스킨멜로우
2329,753,스킨미소
2330,684,스킨밸런스
2331,6762,스킨볼릭(SKINBOLIC)
2332,3141,스킨비
2333,1546,스킨세라믹
2334,646,스킨수티컬즈
2335,7067,스킨스보니
2336,6190,스킨썸
2337,1547,스킨쎌
2338,5891,스킨씨
2339,7645,스킨아리(SKINARI)
2340,1096,스킨아이
2341,3925,스킨아이콘
2342,3781,스킨알엑스랩(skinrxlab)
2343,252,스킨앙스
2344,8108,스킨애
2345,624,스킨앤랩
2346,6619,스킨앤코 로마
2347,5881,스킨에디터
2348,7620,스킨에이전트(SKIN AGENT)
2349,1549,스킨에이지
2350,7437,스킨엠디
2351,1551,스킨와쳐스
2352,2544,스킨이즈굿
2353,604,스킨젠
2354,3209,스킨컬쳐
2355,5676,스킨코치
2356,3337,스킨코트
2357,1553,스킨큐어
2358,732,스킨크로니즈
2359,6337,스킨클리닉
2360,6091,스킨킹(SkinKing)
2361,6026,스킨토니
2362,801,스킨톡
2363,918,스킨톡스
2364,6054,스킨파크(SKINPARK)
2365,4441,스킨팜
2366,5942,스킨팟
2367,6874,스킨팩토리
2368,133,스킨푸드
2369,6882,스킨푸드 뉴질랜드 (skinfood nz)
2370,4478,스킨피팅
2371,7238,스킨하이
2372,2247,스킨휴(Skinhue)
2373,3089,스타 클렌저
2374,5651,스타롤
2375,4797,스타바스 (Starbath)
2376,6756,스타일 바이 아이안(style by aiahn)
2377,6648,스타일71
2378,7016,스타일러쉬
2379,3905,스타일리쉬(아로마컴퍼니)
2380,6501,스타일아로마테라피
2381,2847,스탈리 
2382,1556,스텔라앤마마(stella&mama)
2383,7786,스텔비
2384,1558,스토리플래닛
2385,2421,스톤
2386,4576,스트라이덱스(stridex)
2387,618,스트라이벡틴
2388,4584,스티펠(Stiefel)
2389,135,스틸라
2390,2742,스팀크림 
2391,7711,스파 드 이희(SPA de ihee)
2392,3009,스파더엘
2393,5703,스파시스
2394,3033,스팟콘
2395,662,스페랑스
2396,7883,스포메틱스
2397,6249,스프링풀(springful)
2398,4737,스피루리나
2399,8134,슬로우하우스
2400,4149,슬릭(Sleek)
2401,5599,슬림랩코리아
2402,7122,슷쿠(SUQQU)
2403,5578,시그널 엠 시리즈 (Signal M SERIES)
2404,3549,시그마(Sigma)
2405,3357,시니케어
2406,528,시드물
2407,6729,시몬말레
2408,136,시바비젼
2409,5762,시바산
2410,5782,시베(chevet)
2411,1563,시부뷰티(Sibu Beauty)
2412,5952,시선
2413,137,시세이도
2414,7217,시세이도 인터그레이트
2415,5521,시세이도 프로페셔널
2416,4285,시스코코
2417,3825,시슨드시
2418,138,시슬리
2419,6265,시아떼(CIATE)
2420,5497,시안스파
2421,7205,시어모이스처(SheaMoisture)
2422,1060,시어테라오가닉스(SHEATERRA)
2423,1152,시에라비즈(Sierra Bees)
2424,2163,시에로
2425,7517,시오리스
2426,7999,시카고
2427,7776,시카렐리
2428,8059,시코르(CHICOR)
2429,944,시크릿 드 프로방스
2430,7838,시크릿 바이 제니하우스
2431,1992,시크릿(SEACRET)
2432,1564,시크릿네이처
2433,5572,시크릿데이
2434,8121,시크릿뮤즈
2435,7027,시크릿버진(Secret Virgin)
2436,7872,시크릿에이
2437,1565,시크릿에이지
2438,3981,시크릿엠
2439,139,시크릿키
2440,2049,시크릿플랜트
2441,7079,시크캔디(Chic Candy)
2442,6217,시크홀릭(CHICHOLIC)
2443,264,식물나라
2444,5983,신가네
2445,960,신기석
2446,823,신데렐라스토리
2447,2166,신드롬 코스메틱
2448,6333,신디뷰티코리아
2449,2790,신비앙 
2450,5827,신세대
2451,5934,신신제약
2452,140,실크테라피
2453,2280,실크프로3
2454,5820,실크허브에센스
2455,5925,실큰
2456,879,실키아
2457,748,심퍼니
2458,6244,심플(simple)
2459,5816,심플리스틱
2460,3481,심플리젠틀
2461,141,싸이닉
2462,6350,싸이폴라
2463,6294,쌍뗄라
2464,523,쌍빠
2465,4564,쌩텀
2466,1570,써니체크
2467,5863,써메딕플러스 
2468,1571,써모슈티컬
2469,6745,써스데이 플랜테이션(Thursday plantation)
2470,6961,써틴먼쓰(13MONTH)
2471,1572,썬라이더
2472,6206,썬실크(SUNSILK)
2473,5585,썸
2474,555,썸머스이브
2475,5475,썸바이미(아이팩토리)
2476,1574,쎄라덤
2477,6446,쎄페
2478,7515,쎈솔리아
2479,142,쏘내추럴(so natural)
2480,6445,쏘맨
2481,8075,쏘미미
2482,772,쏘실크
2483,5534,쏘피
2484,1575,쏘헤어
2485,1576,쏭레브(SON REVE)
2486,6810,쓰리(THREE)
2487,2781,씨:리즈 
2488,8071,씨놀
2489,2577,씨덤(Seaderm)
2490,1577,씨드앤트리(SEED&TREE)
2491,2060,씨드앤팜
2492,621,씨라클
2493,7659,씨미(SYMI)
2494,3973,씨부스(씨부쓰)
2495,6034,씨스킨(C:skin)
2496,6121,씨씨붐
2497,4033,씨아떼
2498,7240,씨앤지(CNG)
2499,6275,씨앤트리(seaNtree)
2500,7959,씨에프 매직 마스크(CF 매직 마스크)
2501,5737,씨에프씨랩 (CFC LAB)
2502,5896,씨엔(Cien)
2503,7302,씨엔엘글로벌
2504,5439,씨엘웍스
2505,7030,씨위드배스(Seaweedbath Co)
2506,6972,씨위드톡스
2507,7451,씨제이제일제당
2508,4089,씨헨느
2509,5592,씨흐트루동
2510,8110,씻는팩
2511,6402,씽크네이처
2512,5621,아가애
2513,7175,아가우드(Agar Wood)
2514,865,아가타 코스메틱
2515,7325,아가파
2516,5972,아가판
2517,1113,아그라이아
2518,970,아기여(AGIYEO)
2519,5701,아꼬제(ACCOJE)
2520,4559,아꼴리나(AQUOLINA)
2521,2457,아나스타샤 베버리힐즈 (Anastasia Beverly Hills)
2522,7427,아나시스
2523,668,아넷사
2524,2199,아놀드 파마 
2525,8002,아누비스
2526,2388,아는언니
2527,144,아닉구딸
2528,541,아더마
2529,7543,아델
2530,2916,아도니스 
2531,1582,아도르
2532,6758,아뜰리에 코롱
2533,1583,아라씨
2534,2042,아라온
2535,2841,아라탑페이스 
2536,5529,아라한
2537,5045,아로니카
2538,1587,아로마미
2539,4566,아로마베이비
2540,643,아로마앤코
2541,1995,아로마앳홈
2542,7924,아로마용
2543,4505,아로마코
2544,7961,아로마코코
2545,255,아로마테라피 어소시에이트
2546,341,아로마티카
2547,6642,아로마틱
2548,7577,아로즈
2549,6315,아로하트리즈
2550,1588,아론샵
2551,7835,아루미루
2552,7596,아르가니스트리(ARGANISTRY)
2553,379,아르니카
2554,276,아르데코
2555,7779,아르띠네
2556,7613,아르보(에이르보)
2557,7586,아르시코(arsico)
2558,7257,아르젤란(ARGELAN)
2559,7475,아르테티끄(ARTHETIQUE)
2560,5906,아르페(ARTPE)
2561,934,아를린
2562,1590,아름다운나라
2563,6051,아리 바이 아리아나그란데
2564,6065,아리끄
2565,145,아리따움
2566,5764,아리부띠
2567,6945,아리시스(ARIESYS)
2568,7495,아리아 (aria)
2569,5807,아리아베
2570,786,아리얼
2571,8025,아리즈웰
2572,2832,아리코코 
2573,1592,아마란스
2574,6985,아망트
2575,5611,아메리칸 크루
2576,146,아멜리
2577,147,아모레퍼시픽
2578,589,아모스프로페셔널
2579,1593,아미니
2580,5559,아미띠에
2581,2238,아미솝
2582,949,아미옥
2583,2439,아미카
2584,7042,아미퓨어
2585,718,아바마트
2586,1091,아바비스
2587,4749,아반세(avance)
2588,761,아발론오가닉스
2589,7024,아베끄무아 (AVEC MOI)
2590,148,아베다
2591,5622,아베아
2592,2640,아베크롬비앤피치
2593,149,아벤느
2594,1594,아비가일네이처
2595,150,아비노
2596,5920,아비노베이비
2597,6137,아비브
2598,6952,아비셀(Avicell)
2599,6248,아비프(AVIF)
2600,5423,아빠비누
2601,6425,아삐데르마
2602,7900,아삽
2603,2424,아셉소
2604,319,아스타리프트
2605,1595,아스파시아
2606,7012,아스펜베이캔들(Aspen Bay Candles)
2607,7414,아야라야
2608,3301,아오모리
2609,2969,아오아
2610,7127,아요델(AYODELE)
2611,7618,아우라 아듀라(Aura Adllura)
2612,7822,아우라(AIURA)
2613,7663,아우라(AURA)
2614,1596,아우라스킨
2615,7309,아우라카시아
2616,5546,아우리가
2617,5430,아울(AooL)
2618,5733,아웃런
2619,1597,아웃오브아프리카
2620,2802,아워글라스(Hourglass)
2621,546,아윤채(AYUNCHE)
2622,5869,아이그너
2623,6111,아이나이
2624,1598,아이다코스메틱
2625,5834,아이더블유엘티(IWLT)
2626,943,아이데스 데 베누스타스
2627,7021,아이덴 비 프로폴리스(Iden Bee Propolis)
2628,3085,아이돈띵쏘
2629,7626,아이돌(i-DOL)
2630,1000,아이디비
2631,6293,아이디에이지(ID.AZ)
2632,909,아이디올로지
2633,4765,아이떼21
2634,3365,아이랩 코스메틱
2635,5405,아이로제
2636,5406,아이로제프로브
2637,6339,아이릴리프
2638,6701,아이메데스
2639,7773,아이메디슨
2640,351,아이메이징
2641,6673,아이미스
2642,6808,아이베베(ibaebae)
2643,5009,아이보리(IVORY)
2644,3581,아이뷰티랩
2645,7803,아이비코리아
2646,5836,아이뽀
2647,1009,아이샤드
2648,397,아이소이
2649,6884,아이수피아
2650,8048,아이쉬코리아
2651,5715,아이스마일
2652,5185,아이안
2653,7353,아이에코
2654,7660,아이엘아이(ILI)
2655,5796,아이엠코
2656,1602,아이엠코스
2657,405,아이오
2658,152,아이오페
2659,5253,아이왁스(iwax)
2660,347,아이원
2661,457,아이유
2662,7413,아이유닉
2663,6902,아이유비(IYOUB)
2664,564,아이젠버그
2665,7349,아이지아
2666,4829,아이차밍 (i-charming)
2667,5503,아이참
2668,2745,아이캔디
2669,5413,아이코(EYEKO)
2670,2334,아이퀸
2671,2517,아이푸
2672,5727,아임굿즈
2673,7609,아임뮤즈
2674,868,아임미미
2675,1604,아임세레느
2676,7839,아임쉐이크
2677,5607,아임오
2678,1605,아임프롬
2679,6083,아자로
2680,745,아장 프로보카퇴르
2681,5849,아젤나
2682,1606,아쥬반
2683,5467,아즈텍(AZTEC)
2684,1090,아카카파
2685,6730,아칸실
2686,153,아코렐
2687,431,아쿠아 디 파르마
2688,2100,아쿠아 콜로니아 
2689,7015,아쿠아더마
2690,433,아쿠아모이스트
2691,4937,아쿠아블라썸
2692,3269,아쿠아사봉
2693,3169,아쿠아토
2694,5797,아쿠아퍼
2695,7040,아쿠아플래닛
2696,4013,아쿠알로
2697,5579,아쿠탑(AQUTOP)
2698,5833,아큐브
2699,5385,아큐브디파인
2700,7758,아큐스(AQUIESSE)
2701,6043,아큐어(Acure)
2702,1609,아크네스
2703,6281,아크로패스(acropass)
2704,6793,아크메르(Acmer)
2705,570,아크웰
2706,1610,아크윈
2707,1010,아킨(A'kin)
2708,2685,아킬렌
2709,7493,아텍스
2710,924,아토24
2711,4613,아토5
2712,1611,아토넬
2713,1612,아토라떼
2714,5349,아토마유
2715,4481,아토멘토
2716,3489,아토베니아
2717,4581,아토베베
2718,4633,아토보스
2719,1617,아토비
2720,5565,아토비케이
2721,2214,아토빈
2722,1619,아토샵
2723,7698,아토솔트팜(ATO SALT PALM)
2724,7254,아토쉐프
2725,4645,아토아이
2726,1622,아토아토
2727,1623,아토엔비(ATO NB)
2728,2139,아토엔오투
2729,7595,아토큐앤에이
2730,6647,아토큐젠
2731,3685,아토클래식
2732,1627,아토파인
2733,648,아토팜
2734,6761,아트드랩
2735,768,아트릭스
2736,5321,아트코스
2737,561,아틀리에 코롱
2738,154,아티스트리
2739,5539,아페리레
2740,5549,아페이론
2741,2586,아프리모
2742,7080,아프리칸포뮬러
2743,7485,아하바(AHAVA)
2744,6879,악마다이어트
2745,6110,악세니아(AXENIA)
2746,355,안나가스피
2747,155,안나수이
2748,7226,안나플러스
2749,1633,안나홀츠
2750,1634,안네마리보린(AnneMarie Borlind)
2751,6263,안눈치아타(Annunziata)
2752,3473,안달로우 내추럴스
2753,5875,안드레아 아이큐즈
2754,544,안스킨
2755,7265,안티카누스
2756,2838,알고나니 
2757,6620,알고덤
2758,1031,알고안
2759,7818,알디프(ALTDIF)
2760,5501,알라피아
2761,7687,알레바(aleva naturals)
2762,384,알렉산더킴스코
2763,267,알렉스코스메틱
2764,7967,알로밸리(ALOVALLEY)
2765,5525,알로에베라코리아 (AVK)
2766,6028,알로인스
2767,1103,알롱
2768,6257,알리다(ALEEDA)
2769,3777,알리마퓨어(alimapure
2770,688,알리제
2771,4181,알만바시
2772,7757,알메이(ALMAY)
2773,5558,알바 (ALVA)
2774,1121,알바 보타니카
2775,7378,알베르데(Alverde NATURKOSMETIK)
2776,6182,알비노스
2777,2883,알비온 
2778,7615,알씨투(RC-Ⅱ)
2779,4535,알앤디랩 (R.N.D.Lab)
2780,6686,알엑스88(Rx88)
2781,1150,알엠에스 뷰티(RMS Beauty)
2782,5373,알제니스트
2783,356,알케미아
2784,5395,알콘(Alcon)
2785,7915,알투엑스(R2X)
2786,327,알티야 오가닉스
2787,342,알파노바베베
2788,381,알페신
2789,586,알프레산
2790,5899,알피스트
2791,579,암버팜
2792,7603,암브로시아(AMBROSIA)
2793,855,암웨이
2794,5826,압구지엔
2795,6023,앙띠브
2796,7642,앙부땅
2797,1640,앙비
2798,5854,앙스스킨(앙스샵)
2799,8053,앙쎄(ANCEE)
2800,4393,앙쥬 (Anjo)
2801,156,앙포레
2802,962,애경
2803,2034,애니메이션컬러
2804,5630,애니원
2805,5966,애니팩
2806,7409,애드리언 게그넌
2807,4508,애드윈
2808,2646,애리조
2809,737,애스톤네이처
2810,5932,애즈이즈투비(ASIS-TOBE)
2811,765,애터미
2812,4025,애플린(APLIN)
2813,687,애플트리
2814,6917,액트 원 씬 파이브 (ACTⅠSCENEⅤ)
2815,5400,앤365
2816,5790,앤랩
2817,348,앤슬리
2818,4229,앤아더스토리즈 (& other stories)
2819,1097,앤트리
2820,2427,앤티퍼디
2821,5730,앰브로시아코리아
2822,8072,앰플로지(Ampulogy)
2823,6906,앰플엔(AMPLE:N)
2824,984,앳킨슨
2825,781,야다
2826,1017,야들리
2827,7524,야만
2828,6900,야와라(YAWARA)
2829,5417,야콥후이(JACOB HOOY)
2830,6240,약손명가
2831,886,얀센
2832,2829,양키캔들
2833,6713,어니스트쥬디(HONEST JUDY)
2834,5806,어니스트코코
2835,1441,어니시(HONESI)
2836,1052,어덜리스무스
2837,7714,어드밴스드 코스메티카
2838,8045,어드밴스드 클리니컬스(ADVANCED CLINICALS)
2839,4492,어딕션
2840,1083,어라운드 뷰티
2841,4325,어라운드미
2842,8061,어뮤즈(AMUSE)
2843,7183,어바니크
2844,157,어바웃미
2845,2391,어반돌키스 
2846,1109,어반디케이
2847,982,어반랩
2848,5794,어반부띠끄
2849,7833,어반스튜디오
2850,7755,어반트라이브
2851,1648,어스 사이언스
2852,7713,어스 세러퓨틱스(Earth Therapeutics)
2853,7671,어스로하(US LOHA)
2854,6778,어울
2855,5970,어의비책
2856,7299,어큐어
2857,7952,어파티
2858,159,어퓨
2859,8139,언니일기(시스터다이어리)
2860,2154,언더 투앤티
2861,6093,언듀
2862,6396,언파(unpa)
2863,3333,언프리티랩스타 코스메틱
2864,7625,얼라이브(Alive)
2865,3729,얼라이브랩(ALIVE LAB)
2866,278,얼루몬
2867,5635,얼릭드 바렌스
2868,6675,얼바리오 토스카노(ERBARIO TOSCANO)
2869,7301,얼바미아
2870,5537,얼스 사이언스(earthscience)
2871,1996,얼스레시피
2872,1653,얼스마마 앤젤베이비 (얼쓰마마)
2873,410,얼쑤
2874,7544,얼쓰테라퓨틱스(Earth Therapeutics)
2875,5637,얼타3
2876,2088,얼트루
2877,7965,엄허종의 아이스플랜트
2878,6863,없었던일로
2879,2616,에가리떼
2880,5620,에게이안 스토리
2881,7533,에꼬끄
2882,7550,에꼴
2883,3053,에꼴루시
2884,726,에끌라두
2885,5809,에끌라쎄 (eclasse)
2886,2115,에너지 팩토리
2887,1015,에네스티
2888,2496,에데낭스
2889,6385,에데닉
2890,1654,에드몽
2891,634,에디션 드 퍼퓸 프레데릭 말
2892,446,에따 리브르 도랑주
2893,160,에뛰드하우스
2894,6803,에뜨레벨 
2895,2220,에띠나 
2896,4455,에라페이스
2897,5041,에르노 라즐로
2898,7655,에르메네질도 제냐
2899,453,에르메스
2900,6292,에르모니(HERMONI)
2901,3205,에르보리앙
2902,977,에르쯔틴
2903,3441,에바비레나
2904,1110,에바비바
2905,3673,에바수
2906,1985,에바스코스메틱
2907,4873,에반옴므
2908,3229,에버 콜라겐
2909,1657,에버레인(EVERAIN)
2910,1658,에버미라클
2911,6378,에버비키니
2912,7622,에버셀(Evercell)
2913,2085,에버투엔티
2914,161,에보니
2915,7850,에브리갈릭
2916,7093,에브리데이 코코넛(EveryDay Coconut)
2917,1660,에브리데이미네랄
2918,7313,에브리데이시어(everyday shea)
2919,657,에브리맨잭
2920,5766,에브리샤인
2921,563,에블리
2922,269,에비앙
2923,7237,에비타
2924,7829,에뿌(epoux)
2925,7629,에센셜 바이 아티스트리
2926,1093,에센스
2927,715,에센스오브아르간
2928,927,에센허브
2929,1663,에스까다
2930,1664,에스네이처
2931,1665,에스다이어리
2932,1666,에스디코스메틱
2933,647,에스따르
2934,6768,에스멜린(S.MELIN)
2935,162,에스쁘아
2936,5774,에스씨오스티아
2937,7125,에스에이치알디(SH-RD)
2938,4717,에스엔비
2939,713,에스엔스킨
2940,5495,에스엘씨코스메틱
2941,592,에스유알
2942,7690,에스테 듀(Esthe Dew)
2943,5427,에스테덤
2944,1086,에스테메드
2945,6956,에스테벨(EstheBelle)
2946,7983,에스테오
2947,7729,에스테트윈
2948,832,에스테티카
2949,1668,에스테틱하우스
2950,3457,에스투제이(S2J)
2951,619,에스트라
2952,163,에스티 로더
2953,7262,에스티 에딧 
2954,5975,에스티벨리
2955,8049,에스페레
2956,7140,에스페소(espesso)
2957,3257,에스폴리오(esfolio)
2958,473,에스프레소
2959,7575,에스프리끄(ESPRIQUE)
2960,7563,에슬레나
2961,6389,에시오로
2962,5484,에실드
2963,722,에쌍시엘
2964,2352,에쏘띠
2965,5867,에어린(AERIN)
2966,5469,에오스보떼
2967,8130,에이네이처
2968,6877,에이노멀(ANormal)
2969,7608,에이디스(A.this)
2970,6509,에이바이봄 (A. by BOM)
2971,6338,에이바자르(AVAJAR)
2972,928,에이버리(Avery)
2973,724,에이뷰티
2974,6231,에이비랩스
2975,2052,에이솔루션
2976,7230,에이스킨
2977,6410,에이스톱
2978,2103,에이썸
2979,376,에이씨케어
2980,854,에이씨파인(에이씨화인)
2981,6668,에이에스에프(ASF)
2982,6195,에이엔(AN)
2983,8057,에이엔젤스
2984,6680,에이오플러스(ao+)
2985,285,에이전트 프로보가터
2986,6103,에이지리스
2987,896,에이지투웨니스(AGE20's)
2988,7128,에이치엔엠(H&M)
2989,548,에이치피앤씨
2990,5903,에이컨셉
2991,8086,에이코리(Acori)
2992,7787,에이투에이지
2993,7984,에이투케이(A2K)
2994,404,에이트루
2995,7190,에이트바이포(8x4)
2996,707,에이티폭스
2997,1672,에이팜
2998,7154,에이포뮬러
2999,794,에이프릴스킨
3000,7390,에이플로(AFLO)
3001,7946,에이플비
3002,7209,에이필드
3003,7018,에잇뷰티(8 BEAUTY)
3004,5721,에츠하차임
3005,7381,에코디오
3006,1674,에코뮤
3007,1676,에코벨라
3008,5491,에코브런치
3009,4451,에코살롱
3010,309,에코스토리
3011,4257,에코시크릿
3012,656,에코유어스킨
3013,1678,에코케어
3014,2033,에코툴즈
3015,1681,에코페이스
3016,7565,에코페이스(ECO FACE)
3017,1682,에코퓨어
3018,7826,에코홀릭
3019,6201,에코힐링
3020,5618,에키아
3021,165,에튜세(ettusais)
3022,6053,에트로
3023,7224,에티튜드
3024,7296,에포나
3025,253,에포라
3026,979,에포코리아
3027,6995,에퓨리엘(Effuriel)
3028,2658,에프쓰리 시스템즈(F3 SYSTEMS)
3029,5587,에프에프 (efef)
3030,7178,에프엠메이크업(FM Makeup)
3031,7318,에프와이오(FYO)
3032,2068,에피소드
3033,6750,에피엘르(epielle)
3034,2361,에피큐렌
3035,7697,엑살리아(Aixallia)
3036,6213,엑셀(EXCEL)
3037,1684,엑스비앙스
3038,7552,엑스와이제트포뮬러(XYZFORMULA)
3039,5995,엑스폴리메이트(exfolimate)
3040,6216,엑시피알(Excipial)
3041,5980,엔도케어
3042,7087,엔뜨라다
3043,7847,엔리안
3044,3713,엔비(EANVIE)
3045,6076,엔세루스
3046,5958,엔셈
3047,3837,엔시아
3048,2058,엔시코스메틱(아이유)
3049,7271,엔야
3050,1686,엔엠씨(NMC)
3051,2754,엔젤로니아
3052,4418,엔젤리즘
3053,7808,엔젤링시크릿
3054,7290,엔젤어라운드
3055,3913,엔젤팩토리
3056,5519,엔젤하트
3057,7305,엔젤화장품(본코리아)
3058,1689,엔카
3059,6191,엔코스
3060,6117,엔텔
3061,6072,엔펠(ENPELE)
3062,166,엔프라니
3063,7467,엘 오가닉
3064,8031,엘라라
3065,7338,엘라로아
3066,5832,엘라밴드
3067,6104,엘라수
3068,167,엘라스틴
3069,7033,엘라지오
3070,5787,엘라코리아
3071,7058,엘레강스(Elégance)
3072,5736,엘렌 트레이시 (Ellen Tracy)
3073,534,엘렌실라
3074,708,엘로엘(ELROEL)
3075,5656,엘루어 (Elure)
3076,2862,엘루자이 
3077,280,엘르걸
3078,7228,엘리너스
3079,7446,엘리사브
3080,600,엘리샤코이
3081,1694,엘리샹뜨
3082,7229,엘리스
3083,1695,엘리시나
3084,6097,엘리에셀(eliesel)
3085,470,엘리자베스
3086,168,엘리자베스아덴
3087,350,엘리자베카
3088,7582,엘린도
3089,6734,엘바이피
3090,296,엘보라리오
3091,1696,엘뷰티 (L뷰티)
3092,5588,엘비다
3093,6532,엘비체
3094,4414,엘시스
3095,5785,엘앤코스
3096,1697,엘컨
3097,5173,엘케이코스메틱
3098,2112,엘크레
3099,3289,엘크릿
3100,7960,엘타엠디(eltaMD) 
3101,5623,엘프람
3102,1076,엠도씨
3103,5548,엠듀
3104,1701,엠디레비스
3105,5976,엠디스픽
3106,513,엠마뉴엘웅가로
3107,361,엠브리올리스
3108,2610,엠비스킨
3109,7914,엠비코스믹(MBcosmic)
3110,7860,엠솔릭
3111,7359,엠에스에이치(MSH)
3112,6069,엠에스투플러스
3113,7641,엠유에스티(mu.s.t)
3114,512,엠포리오아르마니
3115,6964,엠플러스어소시에이션
3116,5528,엣지아이
3117,421,엣지핏
3118,6940,여우화장대
3119,6623,여자사람
3120,5702,여자여자
3121,4773,영시(Young:See)
3122,839,영우사
3123,6622,영진약품
3124,7407,예비체
3125,7180,예뽀(YEPEAU)
3126,7706,예스(YES)
3127,5711,예스뷰티
3128,7526,예썸(yessome)
3129,5289,예지미인
3130,8034,예향공방
3131,6202,오 데 러브
3132,6152,오가나셀(OGANA CELL)
3133,7146,오가노(ORGANO)
3134,742,오가니스트
3135,1706,오가니아
3136,476,오가니크
3137,6662,오가닉박스
3138,1707,오가닉팜
3139,1708,오가닉히솝
3140,1709,오그체
3141,377,오늘(onl)
3142,6864,오닐리(ONILY)
3143,587,오데즈알프스
3144,6088,오드로이
3145,7646,오드리선(AUDREY SUN)
3146,1711,오딧세이
3147,6346,오뜨리빙
3148,1713,오뜨스킨
3149,1714,오띠
3150,305,오라클라보케어
3151,5397,오렌즈(o-lens)
3152,6300,오로라
3153,6983,오로라 IPL(Aurora IPL)
3154,170,오르비스
3155,1715,오르시아
3156,898,오르자드
3157,2679,오를리(ORLY)
3158,3817,오리베
3159,540,오리지널 스프라우트
3160,784,오리지널로우
3161,5718,오리지널소스
3162,171,오리진스
3163,7745,오리진티(ORIGIN TEA)
3164,779,오리크
3165,5510,오릭스
3166,7692,오마르(O'MAR)
3167,1027,오마샤리프
3168,7957,오마이팩
3169,7361,오메디
3170,5997,오멜론
3171,734,오모로비짜
3172,7439,오미다(omida)
3173,5960,오바코(ovaco)
3174,6127,오베오(Obeo)
3175,5411,오브
3176,5459,오브레(Obre)
3177,1721,오브리오가닉스
3178,6950,오비앙(Obien)
3179,1723,오설록
3180,7975,"오센트(Oh, Scent)"
3181,5691,오센틱(Authentyque)
3182,1724,오션
3183,8024,오셰르코스메틱
3184,6274,오스모(OSMO)
3185,613,오스뮴
3186,272,오스카 드 라 렌타
3187,3709,오스트레일리안 네이티브 보타니컬스
3188,2017,오스트레일리안골드
3189,2634,오스트리안 골드 
3190,415,오썸
3191,1725,오쎄(OSSE)
3192,172,오앤
3193,4504,오앤비(ONB)
3194,7842,오앤에이(ONA)
3195,2945,오엘리
3196,173,오엠
3197,174,오오시마츠바키
3198,5719,오운
3199,6737,오울코리아
3200,7441,오유
3201,5926,오이공장
3202,697,오이보스
3203,7606,오인트랩(OINTLAB)
3204,5419,오일리아
3205,344,오제끄
3206,834,오존
3207,7796,오즈비앤에이치(OZ B&H)
3208,5645,오지 (AUSSIE)
3209,7329,오카(OKA)
3210,1730,오쿠보
3211,5671,오클래식
3212,3437,오킴스 코스메틱
3213,7496,오킵스
3214,6031,오테라
3215,7637,오팔(Opal)
3216,7170,오페라(OPERA)
3217,4435,오프라 (OFRA)
3218,7052,오프라벨 (OFF LABEL)
3219,6715,오하나마하로
3220,7598,오하이오후(OHIOHOO)
3221,176,오휘
3222,1037,옥시젠 슈티컬스
3223,676,온더바디
3224,3633,온데이
3225,455,온뜨레
3226,5544,온새미인
3227,7799,온시야(ONSIYA)
3228,6266,온유(ONNU)
3229,8113,온퍼퓸
3230,4445,올가플러스
3231,7717,올가휴(ORGAHUE)
3232,5647,올뉴코스메틱
3233,6801,올다
3234,6526,올드스파이스
3235,5912,올라잇
3236,177,올레이
3237,1733,올레이디
3238,5654,올레헨릭슨 (olehenriksen)
3239,7161,올로스(OLOS)
3240,8029,올리
3241,3601,올리고더미(oligodermie)
3242,3953,올리버 스트렐리 (Oliver Strelli)
3243,6004,올리베리어
3244,5981,올리보스(Olivos)
3245,6252,올리브갤러리
3246,529,올리브놀
3247,178,올리브영
3248,709,올리세
3249,6787,올리엔스
3250,8122,올마스크스토리(ALL MASK STORY)
3251,520,올빚
3252,6705,올빛
3253,7134,올웨이즈비퓨어
3254,3517,올팩티브 프로젝트
3255,2814,옵시디앙 
3256,1735,와우코스
3257,4269,와이즈팜
3258,4389,와이츄
3259,6030,와이콘코스메틱
3260,4677,와이키키(ykiky)
3261,7459,와칸
3262,5325,왁세린
3263,7141,왁스비
3264,6138,왁스앤왁싱(Wax n Waxing)
3265,179,왁스어웨이
3266,6135,왕스킨
3267,5410,요지야(YOJIYA)
3268,5910,요코(YOKO)
3269,7988,욥(YOPP)
3270,5971,용자몰
3271,180,용카
3272,4405,우나(UNA)
3273,181,우드버리
3274,2039,우드윅
3275,516,우르오스
3276,4133,우리꽃연구소
3277,2913,우신화장품
3278,4416,우와한
3279,5713,우주코스메틱
3280,3829,우태하코스메틱
3281,7804,우테나
3282,6869,울루 바이 닥터 오킴스(Oolu by Dr.Ohkims)
3283,7896,울트라썬(ultrasun)
3284,7340,웅진릴리에뜨
3285,7627,워터링캔(WATERINGCAN)
3286,7676,워터코스(watercos)
3287,6650,워터테라피
3288,5792,원더바스
3289,6976,원더페이스
3290,7770,원더포레스트
3291,8018,원데이필
3292,7116,원솝
3293,3513,원진몰
3294,7721,원파운데이션
3295,6376,원페이스
3296,5930,원포인트 네이쳐
3297,6369,웨신(WESSEN)
3298,8052,웨이스킨
3299,6824,웨이웨어러블
3300,2475,웨이크메이크 (WAKEMAKE)
3301,6657,웨이트로즈
3302,7165,웨트러스트(wettrust)
3303,7862,웬(when)
3304,6080,웬즈데이(WEDNESDAY)
3305,8038,웰네이처
3306,1742,웰더마
3307,574,웰라 프로페셔널즈
3308,3121,웰라쥬
3309,7733,웰러스(wellers)
3310,5545,웰바스
3311,7017,웰빙헬스팜
3312,3173,웰스킨
3313,7926,웰틱스
3314,2029,웻브러쉬(Wet Brush)
3315,663,웻앤와일드(WetnWild)
3316,7248,위대한카피캣
3317,6992,위더스아이엔씨코리아
3318,1744,위드미
3319,4493,위드보스(WITH-BOTH)
3320,304,위드샨
3321,7707,위드피카
3322,5535,위스퍼
3323,7560,위시포뮬라
3324,6894,위즈더마(WISDERMA)
3325,7792,위챠(Witcha)
3326,808,위치스파우치
3327,6946,위크엔드(WKND)
3328,5540,유기농본
3329,7466,유노스(Yunos)
3330,2211,유노하나
3331,2565,유니 픽쳐 코스메틱
3332,7911,유니더마
3333,290,유니베라
3334,858,유니시티
3335,2109,유니참(unicharm)
3336,7585,유니클럽(UNNY CLUB)
3337,6797,유닉
3338,452,유닉스
3339,1746,유랍(ULAP)
3340,6802,유랑(URANG)
3341,7866,유리스킨
3342,182,유리아쥬
3343,4380,유리카
3344,844,유리피부
3345,7421,유브이랩(UVLAB)
3346,1748,유사나
3347,323,유세린
3348,7266,유스킨
3349,940,유스트
3350,6712,유씨지(UCG)
3351,6819,유알스킨솔루션
3352,7751,유앤오일
3353,6799,유어스
3354,183,유연플러스
3355,6344,유이라(EUYIRA)
3356,7218,유치더
3357,2580,유키
3358,8064,유키누(UQINU)
3359,5293,유토마일드
3360,274,유핏
3361,6179,유하트
3362,1751,유한양행
3363,1752,유화연
3364,3049,육심원
3365,6102,윤25
3366,2295,율하수 
3367,2130,은율
3368,1754,이가자코스메틱스
3369,2136,이고 선센스
3370,279,이글립스
3371,7181,이너감 (inner感)
3372,184,이너비
3373,2340,이너칼리아
3374,1757,이너페이스
3375,1758,이너프
3376,185,이네이처
3377,7487,이노랩
3378,7273,이노벨라 코스메틱
3379,3501,이노센스
3380,5962,이노스킨랩
3381,1759,이녹사
3382,186,이니스프리
3383,1760,이니카
3384,6678,이도화장품
3385,1761,이든
3386,2379,이디코리아
3387,7928,이땅(ETTANG)
3388,8105,이레프(EREPH)
3389,549,이로미스
3390,5728,이리나빈
3391,2631,이마트
3392,336,이보
3393,5984,이브 드 시스뗄르(Yves De Sistelle)
3394,533,이브로쉐
3395,300,이브롬(EVELOM)
3396,430,이세이미야케
3397,972,이센트릭 몰리큐스
3398,714,이솔
3399,536,이솝(에이솝)
3400,4049,이스딘
3401,3521,이스뜨와 드 퍼퓸
3402,5882,이스키아
3403,7941,이스터프로페셔널
3404,6721,이슬품은나
3405,444,이시스파마
3406,870,이씰린
3407,1063,이아소(IASO)
3408,1765,이안셀
3409,6966,이앤코리아
3410,315,이엔에스
3411,6749,이엔코스
3412,2826,이엘에프 코스메틱스(e.l.f Cosmetics)
3413,7880,이엠팜
3414,3537,이연물산
3415,7334,이오스타
3416,6427,이오시카
3417,7097,이와사이
3418,1766,이유테라피
3419,7286,이음
3420,398,이자녹스
3421,1767,이즈리나
3422,7399,이즈립(isLeaf)
3423,6833,이즈바라 오가닉스(Isvara Organics)
3424,847,이즈앤트리
3425,3693,이즈클리니컬
3426,2787,이지덤뷰티
3427,1082,이지듀
3428,593,이지엔
3429,7621,이지은 바를거리
3430,387,이지함화장품
3431,437,이집션매직
3432,314,이쪼메디
3433,7346,이채
3434,1769,이초이스
3435,902,이치가미
3436,7976,이치방칸
3437,1073,이케메스
3438,5847,이켈
3439,7572,이쿼발렌자(equivalenza)
3440,7589,이퀄베리(Eqqualberry)
3441,7624,이퀄스킨(Equal Skin)
3442,5197,이퀼리브라
3443,2226,이큐어
3444,7211,이파랑
3445,7206,이폴리(EPOLLI)
3446,6270,이프리트
3447,4313,이플린
3448,2592,이화에 월백하고
3449,41,이희
3450,3873,인더스
3451,4404,인디고 와일드 (Indigo Wild)
3452,5856,인디리(INDIE LEE)
3453,7152,인디코코(INDIECOCO)
3454,2799,인바이트 
3455,6838,인벨로
3456,5598,인비아포테케
3457,5644,인스바이엔
3458,7317,인스타내추럴(InstaNatural)
3459,695,인스티튜트 까리떼
3460,7760,인스피라 코스메틱스
3461,8101,인시스트95(INSIST95)
3462,188,인쏘뷰
3463,442,인코코
3464,8103,인클로즈
3465,1771,인타글리오
3466,6930,인터미션(intermission)
3467,6691,인테이크
3468,7741,인투메디(INTOMEDI)
3469,7746,인투스킨(Intoskin)
3470,8098,인투잇(IN2IT)
3471,6800,인튜브
3472,3001,인트라슈티컬스
3473,1772,인트린직
3474,2694,인티메이트
3475,4305,인퓨지엄23 (Infusium23)
3476,6011,인핸스(enhance)
3477,3545,인형공장
3478,625,일나뚜랄레
3479,7955,일동제약
3480,3493,일라클
3481,7020,일레븐휴즈데이(11Huesday)
3482,8126,일론(iLLOn)
3483,7310,일루미나주
3484,5369,일루미넘
3485,324,일리윤(일리)
3486,5822,일양약품
3487,1774,일진코스메틱
3488,5964,일품송(ilpumsong)
3489,7638,임스(Eem's)
3490,5771,입사(ipsa)
3491,189,입생로랑
3492,3969,입솜 (yvesom)
3493,190,입큰
3494,7306,잇비
3495,946,잇빅
3496,6016,잇츠마이
3497,7356,잇츠마인
3498,6140,잇츠미(It's ME)
3499,191,잇츠스킨(이츠스킨)
3500,3761,잇코스메틱스(itcosmetics)
3501,6722,잇툴즈
3502,4889,잉가(INGA)
3503,6041,잉글롯(INGLOT)
3504,5860,잉크팝
3505,860,잎스코스메틱
3506,5604,자나빌리
3507,5937,자도르
3508,7631,자로우 포뮬러스(Jarrow Formulas)
3509,365,자민경
3510,3249,자브
3511,7640,자생바이오
3512,7117,자연 담은 유리병
3513,1775,자연그대로
3514,7373,자연느낌
3515,1777,자연드림
3516,543,자연마을
3517,5073,자연맵핑
3518,5594,자연미인
3519,1778,자연으로
3520,1014,자연의 벗
3521,585,자연이 만든 레시피
3522,5672,자온
3523,7365,자올
3524,406,자이모겐
3525,8092,자이엘(Jaiel)
3526,3153,자이코스메틱
3527,7934,자작나눔
3528,6166,자쿠아(JAQUA)
3529,5919,자트인사이트
3530,7253,잔나아브르 
3531,7979,잔느 프로방스
3532,7341,잘론네츄럴
3533,6848,장 샤를르 브로소(Jean-Charles Brosseau)
3534,7910,장봉근 헬스케어
3535,705,장아떼
3536,819,장파투
3537,6308,장폴고티에(Jean Paul Gaultier)
3538,7841,재스(JATH)
3539,771,잭블랙
3540,6319,쟈뎅 데크리뱅
3541,616,쟌 피오베르
3542,7653,저메인 드 카푸치니
3543,727,저스틴비버
3544,6370,저즌머리
3545,1785,정결안
3546,5261,정글키즈
3547,8115,정글트리
3548,3637,정샘물
3549,6773,정원가게
3550,6323,정진호 이펙트(JUNGJINHO EFFECT)
3551,7749,제나셀
3552,7112,제너럴세븐(GENERAL7)
3553,8063,제네르떼
3554,6404,제네시스
3555,1011,제네틱(Gernetic)
3556,3937,제노
3557,4193,제노리스
3558,3869,제노브
3559,7529,제노셀
3560,1787,제노시스
3561,7212,제노자임
3562,6106,제니벨
3563,932,제니스웰
3564,6161,제니코코
3565,495,제니퍼로페즈
3566,897,제니하우스
3567,5504,제니핸즈
3568,1788,제닉
3569,2066,제로비탈
3570,828,제로이드
3571,192,제몰로지
3572,6393,제무(zemu)
3573,6986,제스젭(gesgep)
3574,6382,제시나인
3575,383,제시카
3576,8037,제이더블유메디
3577,394,제이델포조
3578,7022,제이듀 (J : DEW)
3579,6413,제이뮤
3580,6855,제이미(J.E.ME)
3581,5557,제이숲
3582,5865,제이스레시피(J's recipe)
3583,1790,제이슨
3584,7492,제이아라
3585,6273,제이앤코슈
3586,645,제이에스티나
3587,2625,제이에스티나 레드
3588,6831,제이에스티나 뷰티
3589,6429,제이엠더블유
3590,7157,제이엠비(JMB)
3591,6716,제이엠솔루션(JM SOLUTION)
3592,2094,제이원
3593,5488,제이준코스메틱
3594,739,제이코스에이치엠
3595,6227,제이프라스(J+PRAS)
3596,6790,제이피아(JPIA)
3597,3193,제이황
3598,6482,제인패커
3599,2349,제주바람
3600,1792,제주엔
3601,6277,제주햇살담음
3602,5117,제파리
3603,7315,제프리제임스보타니컬스(Jeffrey James Botanicals)
3604,5638,젠톨로지
3605,7103,젠틀닥터(Gentle Dr.)
3606,6220,젠틀피버
3607,7236,젠퓨어
3608,7834,젤라또팩토리
3609,6904,젤로즈
3610,6279,젤리퐁퐁(JELLY PONG PONG)
3611,5776,젤앤걸
3612,1794,젤쿠어
3613,7981,젬셀
3614,6700,젭블루(ZEPBLUE)
3615,282,조 말론 런던
3616,5842,조다나
3617,1033,조러브
3618,194,조르지오아르마니
3619,6064,조선미녀
3620,196,조성아22
3621,7096,조성아TM
3622,6649,조시 마랜(Josie maran)
3623,4785,조야 (ZOYA)
3624,1796,조에오가닉
3625,5901,조이바(ZOEVA)
3626,5673,조이인
3627,7557,조이코스
3628,7819,조일론
3629,5963,조조스(JOEJOE'S)
3630,7227,조지스 알로에
3631,7876,조지앙 로르(JOSIANE LAURE)
3632,6364,조한비(johan.b)
3633,788,존갈리아노
3634,259,존마스터스오가닉
3635,502,존바바토스
3636,7455,존스킨코스메틱
3637,354,존슨즈바디케어
3638,893,존슨즈베이비
3639,7264,존예코스메틱
3640,6095,존프리다(JOHN FRIEDA)
3641,6982,졸렌(JOLEN)
3642,6880,종근당
3643,332,종작
3644,5532,좋은느낌
3645,6048,주네스
3646,7538,주노화장품
3647,6962,주디스리버
3648,7277,주비아스플레이스
3649,679,주스뷰티
3650,4069,주야
3651,7744,주엘(Juel)
3652,7223,주주럭스(zuzu luxe)
3653,6979,주트(Jut)
3654,4077,주티크
3655,4121,준코 쿠사노
3656,2121,준텐시
3657,8068,줄리스립(Julie's Lip)
3658,5398,중외제약
3659,4161,쥬디메르
3660,6419,쥬리웨니
3661,7973,쥬비아스플레이스
3662,7385,쥬쁘(Ju Peux)
3663,498,쥬시꾸뛰르
3664,6645,쥬에(Jouer)
3665,1797,쥬이오가닉
3666,1798,쥬쥬코스메틱
3667,1799,쥬크
3668,6905,쥴라이(JULLAI)
3669,878,쥴리안느
3670,197,쥴리크(jurlique)
3671,5527,지고트
3672,6155,지나인스킨(G9 SKIN)
3673,675,지르
3674,492,지미추
3675,817,지방시
3676,535,지베르니
3677,1802,지비앤
3678,3801,지비티랩
3679,7658,지아니(G'ANI)
3680,1803,지아뜨
3681,916,지아자
3682,5640,지엔에스코스메틱
3683,6763,지엠팜
3684,7367,지오가닉
3685,198,지오닉스
3686,6020,지오리카(GEOLICA)
3687,390,지오마
3688,677,지오바니(Giovanni)
3689,7980,지저쓰
3690,7289,지지(gigi)
3691,6303,지쿱
3692,5665,지포
3693,5145,지피엠
3694,7885,진(jeen)
3695,5754,진마유
3696,553,진순
3697,2550,진케어
3698,956,질경이
3699,5722,질레트
3700,3361,질베르 리니망
3701,3609,질샌더
3702,363,질스튜어트
3703,199,징코
3704,5894,차랩
3705,7104,차우주
3706,4781,차이나 글레이즈(ChinaGlaze)
3707,7430,차일드라이프
3708,1808,차홍헤어시스템
3709,5714,착한83 (착한코스메틱)
3710,811,착한팩토리
3711,7074,찰떡
3712,7354,찰리바나나
3713,6560,참머스데일
3714,5951,참조은머드
3715,637,참존
3716,5625,참코스메틱
3717,5141,찹스(CHOBS)
3718,6611,채윤614
3719,793,챕스틱
3720,4556,챕아이스 (Chap-Ice)
3721,2063,챠밍키스
3722,7261,챠코트(chacott)
3723,5818,천년동안애
3724,1811,천사연구소
3725,7726,청기정(清肌晶)
3726,2265,청담마녀
3727,7449,청담소녀
3728,3217,청담유
3729,1813,청미정
3730,5129,청정미인
3731,7339,청춘샵
3732,5817,청춘예찬
3733,5643,체리모아
3734,1814,초록마을
3735,7452,초코무 코스메틱
3736,5193,촉촉99
3737,7844,쵸르늬 젬츅
3738,8136,춤추는고래
3739,2358,츄니
3740,3617,츄파춥스
3741,8111,츠루리아
3742,556,츠바키
3743,778,치노시오야
3744,738,치카이치코
3745,4757,치코
3746,6406,치쿠호도(CHIKUHODO)
3747,6679,치후레(chifure)
3748,4833,친구랑
3749,5121,칠하라(7HARA)
3750,7246,칭찬
3751,723,카고
3752,4901,카나토 프로페셔널
3753,5269,카네스케어
3754,5329,카다리스
3755,5828,카다시안 뷰티
3756,6259,카디뷰(CADIVEU)
3757,873,카라디움
3758,6247,카라코사(CARACOSA)
3759,1819,카르벤
3760,6682,카리원RG
3761,680,카말돌리
3762,7652,카메디스(kamedis)
3763,256,카멕스
3764,3117,카멜리아힐
3765,5567,카미안느
3766,201,카밀
3767,7996,카바랩스
3768,5710,카비스
3769,7578,카소(caso)
3770,2142,카스마라
3771,1822,카엘28
3772,202,카오라
3773,203,카오리온
3774,7750,카오코 탈라이푸
3775,7974,카우
3776,4913,카우쉐드(cowshed)
3777,4309,카우프만
3778,204,카이(kai)
3779,6025,카일리코스메틱
3780,8114,카임화장품
3781,7139,카카오프렌즈
3782,205,카트린
3783,1117,카푸스
3784,1824,카피캣
3785,3021,카히나
3786,7685,칵테일샤워(COCKTAIL SHOWER)
3787,658,칼 라거펠드(칼 라거펠트)
3788,2772,칼라뉴스 
3789,6572,칼라미
3790,4365,칼라스
3791,7110,칼로바이
3792,7124,칼로커트
3793,2667,칼리(CALLI) 
3794,6792,칼리즈메이
3795,1826,칼미아
3796,7416,칼슨랩스(Carlson Labs)
3797,6381,캄모멘트리
3798,3821,캐나디안포뮬라(CANADIAN FORMULA)
3799,7600,캐너스(canus)
3800,6250,캐럿티카
3801,1827,캐롤리나 헤레라
3802,7448,캐롤프랑크
3803,825,캐롤프리스트
3804,1012,캐비오(cavio)
3805,2021,캐스키드슨
3806,206,캐시캣
3807,292,캐트리스
3808,6513,캔들라이트
3809,207,캔디돌
3810,6921,캔디랩(Candy Lab)
3811,4500,캔디오레이디
3812,208,캔메이크
3813,5538,캔서 카운슬
3814,7512,캘리포니아 골드 뉴트리션(California Gold Nutrition)
3815,1828,캘리포니아베이비
3816,5556,캘리포니아퓨어내추럴(CPN)
3817,507,캘빈클라인
3818,2307,캣본디(KatVonD)
3819,7397,캣츠라인
3820,7995,커먼데이
3821,6214,커먼랩스(COMMON LAPS)
3822,2217,커버걸(Covergirl)
3823,5627,커버마크
3824,7948,커버메드
3825,7434,커버에프엑스(COVER FX)
3826,2241,커버퀸(Coverqueen)
3827,5414,커버플러스
3828,1829,커클랜드
3829,746,컨셉투
3830,6253,컨트리앤스트림(Country&Stream)
3831,7083,컨퓸(Confume)
3832,7921,컬러그램
3833,978,컬러니어
3834,925,컬러니크
3835,4177,컬러딥
3836,6236,컬러랑스
3837,2760,컬러랩
3838,7878,컬러레스트(COLOR REST)
3839,4881,컬러메이트(Colormates)
3840,3165,컬러버킷
3841,1830,컬러본
3842,6709,컬러쉐이크
3843,5605,컬러팝
3844,7887,컴퍼니브이
3845,4431,컴포트 존
3846,5768,케나시
3847,506,케네스콜
3848,209,케라스타즈
3849,1831,케라스틴
3850,210,케라시스
3851,5606,케라티온
3852,5462,케몬(Kemon)
3853,211,케빈어코인
3854,6401,케어놀로지
3855,463,케어랩
3856,7479,케어마일
3857,5922,케어세라
3858,1832,케어이즈
3859,417,케어존
3860,5947,케이랑
3861,1834,케이스킨
3862,1833,케이앤에이치 오가닉
3863,4605,케이엔살롱(KNSALON)
3864,6739,케이엠에스 캘리포니아(KMS California)
3865,7267,케이엠제약
3866,399,케이트
3867,596,케이트 서머빌
3868,968,케이팔레트
3869,1836,케이팜
3870,735,케이홀 스튜디오
3871,2652,케파(KEPA)
3872,212,켄트
3873,5361,켈라파오가닉스
3874,5802,코겐
3875,213,코겐도
3876,1839,코나드
3877,6741,코니샤(CONISHA)
3878,6670,코덕(CODUK)
3879,6805,코덱시알(CODEXIAL)
3880,551,코드 글로컬러
3881,8124,코라(CORA)
3882,1993,코라(KORA)
3883,7991,코랩
3884,542,코레스
3885,2014,코레존
3886,7133,코르셀
3887,7169,코르테(CORTHE)
3888,3245,코리미
3889,254,코리아나
3890,3101,코리아테크
3891,731,코링코
3892,6168,코마스(CO-MAS)
3893,7225,코바코(kobako)
3894,2289,코비글로우 
3895,6387,코슈
3896,7696,코스 데 1.618(cos de 1.618)
3897,7202,코스넬
3898,6618,코스노리
3899,7902,코스더블유(COS.W)
3900,7986,코스라인
3901,388,코스리스
3902,6711,코스마루(COSMARU)
3903,214,코스메데코르테
3904,7798,코스메트리(COSMETREE)
3905,6188,코스메티
3906,598,코스메티켓
3907,4439,코스메틱 스킨 솔루션
3908,5936,코스메틱27(M.E. SKINLAB)
3909,1041,코스알엑스
3910,5811,코스타그램(costagram)
3911,2877,코스탈 센츠(COASTAL SCENTS)
3912,5810,코스트로(costro)
3913,6254,코스티에
3914,2562,코스파우치
3915,6836,코스펜
3916,7561,코스포유
3917,6755,코시롱
3918,6241,코썸
3919,7604,코엘코스메틱(KOEL Cosmetic)
3920,2072,코엘프
3921,3677,코이 (KoY)
3922,4101,코이바나
3923,215,코지
3924,7323,코츠(cotz)
3925,938,코치(COACH)
3926,6035,코코닉스
3927,6795,코코도르(cocodor)
3928,2811,코코스타
3929,2706,코코아일랜드
3930,7791,코코엘(COCOEL)
3931,1846,코코케어
3932,6331,코코하이
3933,7771,코트노아(Cote Noire)
3934,6775,코트덤(COATDEM)
3935,6791,코튼데이
3936,7355,코튼리퍼블릭
3937,4345,코튼클라우드나인
3938,5221,코튼플러스
3939,1988,코티
3940,937,코티지
3941,6998,콜만오가닉(CORMAN ORGANIC)
3942,8041,콤리프 (Commleaf)
3943,5005,콤보나인
3944,1848,콩당세
3945,1849,콸코스
3946,7297,쿄쿄
3947,6889,쿠모(KUMO)
3948,8080,쿠셀제이
3949,5892,쿠스나
3950,216,쿡 웨이브 펌
3951,6109,쿤달
3952,6224,퀸스(QUINCE)
3953,7614,퀸즈키(Queen's Key)
3954,1851,퀸헬렌
3955,1852,큐렐(Curel)
3956,4402,큐브이(QV)
3957,1853,큐어랑
3958,7073,큐어레스트
3959,6685,큐어릿(cureit)
3960,7720,큐어실드(CURESHIELD)
3961,7710,큐어티스(CURETiS)
3962,5786,큐오디
3963,7241,크나이프
3964,1018,크라시에
3965,6414,크란츠
3966,7863,크랙 잽 잇(CRACK ZAP IT)
3967,7677,크램 에센시아 31도(CREME ESENCIA 31℃)
3968,386,크랩트리앤에블린
3969,369,크레모랩
3970,5447,크레아비트(케라비트)
3971,7709,크레이브뷰티(KraveBeauty)
3972,3797,크레이지루머스
3973,1858,크레이지몽키
3974,5938,크로스킨
3975,6857,크로아티카
3976,3293,크로키
3977,7335,크루노앤미아(kruno&mia)
3978,7853,크룬(croon)
3979,5769,크리넥스
3980,217,크리니크(클리니크)
3981,218,크리드
3982,7252,크리마레
3983,5692,크리미스
3984,5943,크리미코스메틱
3985,3445,크리셀
3986,4488,크리스 파렐(Chris Farrell)
3987,1081,크리스마
3988,7989,크리스찬딘
3989,4189,크리스찬루부탱
3990,2929,크리스챤지오
3991,2346,크리스탈 
3992,1859,크리스탈린
3993,6218,크리스티앙 레나르
3994,7782,크리스티앙 브르통
3995,2933,크리스틴발미
3996,3133,크리에이트스킨
3997,1860,크리엘프
3998,343,크리오란 (KRYOLAN)
3999,6570,크리템(CRITEM)
4000,7056,크림 실크 (CREAM SILK)
4001,4361,크림21 (Creme21)
4002,311,클라라힐스
4003,221,클라란스
4004,5393,클라렌
4005,222,클라리소닉
4006,1862,클라벨
4007,5101,클라뷰
4008,1863,클라비안(CLABIANE)
4009,459,클라우드9
4010,2688,클라우드엑스 
4011,7077,클라우스
4012,5750,클라우스 포르토
4013,1030,클랍
4014,6784,클래시스(Classys)
4015,7534,클럽 코스메틱(쿠라보)
4016,5808,클럽뷰티
4017,6744,클레롤(clairol)
4018,6845,클레릿(CLELIT)
4019,6363,클레마티스
4020,4761,클레아닉
4021,827,클레어스(Klairs)
4022,4977,클레어테라피
4023,1066,클레오미
4024,2040,클레오시스
4025,2067,클렌슈어
4026,5105,클로란(KLORANE)
4027,7968,클로이 이 클레어
4028,8055,클리나멘
4029,6455,클리앳
4030,223,클리오
4031,499,클린
4032,224,클린앤클리어
4033,7295,클린웰(clean well)
4034,6118,클린팝
4035,331,키너레이즈
4036,5694,키네틱스
4037,6354,키라니아
4038,8033,키레이나미즈
4039,8019,키레이카미
4040,7424,키렌
4041,5753,키르케(CRICE)
4042,1865,키비오
4043,6928,키세라(KISERA)
4044,2076,키스네일
4045,5870,키스뉴욕
4046,1866,키스마이스킨
4047,1867,키스마이페이스
4048,226,키스미
4049,227,키스바이우
4050,4097,키스킨
4051,7693,키스필(KISPEEL)
4052,5608,키아라암브라
4053,228,키엘
4054,603,키초
4055,4321,키코밀라노(KIKO)
4056,5522,키토코
4057,2274,키핀터치
4058,6868,킨(KEEN)
4059,3597,킬라니
4060,1034,킬리안
4061,6690,킴앤추(KIM&CHOO)
4062,5929,킵네이처
4063,6588,킵쿨(KEEP COOL)
4064,7014,타다코스메틱
4065,291,타르트(Tarte)
4066,1879,타미힐피거
4067,7897,타비노야도
4068,7651,타우트로픈(TAUTROPFEN)
4069,5596,타일라
4070,7483,타임웍스원더스(TWW)
4071,5885,타임투블라썸
4072,7396,타프(taf)
4073,1870,타프리
4074,5205,타히티안노니
4075,999,탄(THANN)
4076,6351,탈라(THALAC)
4077,5517,탈모닷컴
4078,6242,탈스(TALS)
4079,6587,탐라레
4080,5562,탐팩스
4081,1871,탑룩
4082,2331,태양드클리닉
4083,4253,태후사랑
4084,7703,탬버린즈(tamburins)
4085,3813,탱글엔젤
4086,2045,탱글티저
4087,6573,터치미
4088,644,터치바이 이경민
4089,464,터치인솔
4090,3397,테라스킨
4091,4561,테라피션
4092,7908,테르메 디 사투르니아
4093,6044,테소리도리엔테
4094,6688,테이블토크
4095,3529,테일러 스위프트
4096,6306,테일러 오브 올드 본드 스트리트
4097,5799,테팔
4098,1877,테퍼
4099,959,텐드스킨
4100,7509,텐블리
4101,5341,토니가드
4102,229,토니모리
4103,3285,토니앤가이
4104,2025,토드라팡
4105,5277,토루토루
4106,5996,토리든(TORRIDEN)
4107,678,토리버치
4108,6912,토브 (tov)
4109,580,토소웅
4110,395,토스
4111,8036,토아스
4112,5615,토카
4113,3533,토키도키(tokidoki)
4114,6320,토피크렘
4115,7859,톡(TOK)
4116,5453,톡스앤필
4117,6297,톡시블룸
4118,469,톡젤
4119,5550,톡톡스킨
4120,7287,톤28
4121,6925,톨라
4122,364,톰포드
4123,7566,투디포(2D4)
4124,3349,투마루(TOMARU)
4125,3477,투비어레이디 
4126,6100,투엔티 (TWNTY)
4127,230,투쿨포스쿨
4128,2013,투페이스드
4129,4969,투프루트(TOOFRUIT)
4130,8085,투핸즈(2HANDS)
4131,2023,튠에이지(이튠)
4132,7688,트란시노(TRANSINO)
4133,987,트렁크쇼제트
4134,7890,트레이더조(TRADER JOE'S)
4135,751,트레제메
4136,1882,트로이아르케
4137,7962,트로피칼뷰티
4138,5991,트루노트(TRUNOTE)
4139,7767,트루릴리젼(TRUE RELIGION)
4140,456,트루사르디
4141,7903,트루엘(TRUL)
4142,7327,트룰리랩
4143,1883,트리더마
4144,360,트리아
4145,1884,트리앤씨
4146,5756,트리콜로지스트리
4147,4137,트리클문
4148,7245,트리트룸
4149,6676,트리티스(Treatis)
4150,1089,트리헛
4151,620,트릴로지(trilogy)
4152,2619,트위저맨
4153,7942,트윈더마
4154,2889,트윈스켈프 
4155,8047,트윙클
4156,5677,티나스타일
4157,6192,티니티나
4158,7539,티르티르
4159,7870,티비코스메틱
4160,1019,티센
4161,5441,티스(TEAS)
4162,1885,티스킨
4163,5477,티아스토리
4164,6926,티암(TIAM)
4165,6989,티앤씨스토리
4166,7120,티에스더블유(TSW)
4167,231,티엔(tn)
4168,7740,티엠티알(TMTR)
4169,7333,티조(TIZO)
4170,1065,티지 베드헤드(Bed Head by TIGI)
4171,557,티타니아
4172,7375,티트리앤위치하젤
4173,7700,티파니앤코(TIFFANY & CO.)
4174,976,틴클리어
4175,7137,파나마 잭(PANAMA JACK)
4176,232,파나소닉
4177,3961,파라제주
4178,233,파라팜
4179,2047,파란 프로페셔널
4180,7951,파란눈
4181,436,파리베를린
4182,5986,파리블루
4183,872,파마세리스
4184,6365,파머메이커
4185,1886,파머스(PALMER'S)
4186,8132,파머스코스메틱스(farmers cosmetics)
4187,5602,파머시 (farmacy)
4188,5571,파메코
4189,5408,파뮤(FEMMUE)
4190,262,파미셀
4191,8076,파살리(farsali)
4192,6058,파시
4193,7501,파시오
4194,4657,파시피카(Pacifica)
4195,1888,파에온
4196,7160,파우(FAU)
4197,7875,파이리스(PHYRIS)
4198,2880,파이모아
4199,7094,파이브 백(FIVE BACK)
4200,6289,파이브홀리크
4201,601,파이스해빗
4202,7408,파인프라
4203,510,파코라반
4204,5940,파코메리
4205,1087,파크뷰 칼라빈
4206,5552,파타고닉오일
4207,7602,파티카(PATYKA)
4208,515,파파레서피
4209,7284,파펨
4210,1889,파퓰렉스
4211,4897,판클(Fancl)
4212,6398,판타스킨
4213,986,판퓨리
4214,7537,팔라디오
4215,1890,팔라마
4216,7423,팔레오코스메틱
4217,7350,팜모닝
4218,6674,팜스(PAMS)
4219,7794,팜스킨(Farm Skin)
4220,1892,팜스테이
4221,1893,팜트리
4222,5512,팜파스
4223,4713,팜파트라
4224,4933,팝인디아(Fabindia)
4225,602,팝초이스
4226,622,팝코
4227,511,패리스힐튼
4228,6890,패션캣(PASSIONCAT)
4229,7633,패치올로지(patchology)
4230,1894,패티플랜
4231,7807,팩양이
4232,6772,팩에이지
4233,234,팬시온
4234,7068,팬콧 코스메틱
4235,428,팬틴
4236,6528,퍼블릭화이트
4237,4589,퍼스트랩(FIRST LAB)
4238,3593,퍼스트에이드뷰티
4239,6804,퍼스트코스메틱
4240,1895,퍼스트픽
4241,6727,퍼시딜럭스(PUSSY Deluxe)
4242,923,퍼시앤리드
4243,1896,퍼펙타
4244,5732,퍼펙트스킨
4245,2538,퍼퓸디자인
4246,890,퍼퓸라이퍼
4247,7207,퍼프리
4248,1899,페나텐
4249,8027,페넬로페
4250,881,페디슨
4251,6130,페디탑
4252,352,페라가모
4253,504,페라리
4254,1901,페라슈발
4255,6707,페르난다(FERNANDA)
4256,2003,페르더마
4257,5482,페리샤(Parissa)
4258,1942,페리스킨
4259,6200,페리콘엠디
4260,4381,페리티 (Ferity)
4261,235,페리페라
4262,809,페보니아
4263,4129,페블린(Feeblin)
4264,2133,페어리 드롭스
4265,1903,페이드아웃
4266,7303,페이브스킨
4267,7851,페이스 헤일로(FACE HALO)
4268,5893,페이스아라
4269,1905,페이스온
4270,301,페이스인페이스
4271,7384,페이스진
4272,2053,페이스플럭스
4273,6816,페인트글로우(PaintGlow)
4274,2709,페탈프레쉬
4275,5458,페페라페
4276,7849,페페로니
4277,6399,페페코코스
4278,7084,펜얄 (fenjal)
4279,7380,펜티뷰티(FENTY BEAUTY)
4280,258,펜할리곤스
4281,4921,펠리에르(Perlier)
4282,6360,펠리체우모레
4283,7963,펨프레쉬
4284,5416,편강 율
4285,7435,포고니아
4286,3745,포니이펙트(PONYEFFECT)
4287,2989,포덤 코스메슈티컬즈
4288,6828,포데이즈(For Days)
4289,5554,포레스트스토리
4290,6000,포레스트엔(forestN)
4291,5241,포레오
4292,3989,포레하우스
4293,486,포렌코즈
4294,6899,포리타치
4295,7176,포맨트(Forment)
4296,747,포멜라토
4297,7119,포미랩(FORMELAB)
4298,7567,포미포미(Foamy For Me)
4299,7363,포미포유
4300,5021,포밤
4301,2820,포블랑시
4302,2715,포블링
4303,1908,포셀
4304,524,포어랩
4305,5424,포에버21
4306,6938,포에버스킨
4307,8015,포엘리에
4308,7352,포웰
4309,7239,포인원 뷰티 (FOURINONE BEAUTY)
4310,885,포인트
4311,4245,포인트 드 미르
4312,6027,포카우팜
4313,966,포커페이스
4314,6774,포티포
4315,6932,포피네(Peaufinee)
4316,8131,포피엠테라피(4pm Therapy)
4317,5770,폭남
4318,4499,폭스데이
4319,7879,폭스밸리
4320,5337,폭탄브러쉬
4321,901,폰즈
4322,1913,폴라돌프
4323,236,폴라초이스
4324,4065,폴라탐
4325,2724,폴리쉬드런던
4326,2062,폴리스
4327,7738,폴메디슨(PAUL MEDISON)
4328,1914,폴미첼
4329,508,폴스미스
4330,4317,폴앤제인
4331,2145,폴앤조
4332,6184,폴텐(foltene)
4333,1915,퐁당
4334,3741,푸드어홀릭
4335,6126,푸로루나
4336,7247,푸른화장품(green cosmetics)
4337,6806,푸리(PURIE)
4338,6012,푸리프
4339,1102,푸시웰빙
4340,4438,푸푸리(POO-POURRI)
4341,5440,풀비채(pulbiche)
4342,1919,풀빛고운
4343,7665,퓨라엘(Puraelle)
4344,1071,퓨레스트
4345,5639,퓨레시
4346,8074,퓨레시피
4347,5081,퓨렐
4348,7343,퓨리토
4349,367,퓨어덤
4350,7188,퓨어라이프
4351,1108,퓨어리스
4352,7064,퓨어림
4353,770,퓨어베스
4354,1921,퓨어스마일
4355,7797,퓨어시스
4356,1922,퓨어아리아
4357,7593,퓨어엘리먼츠(pure elements)
4358,1923,퓨어엠
4359,5520,퓨어체크
4360,5401,퓨어클
4361,1924,퓨어템
4362,8109,퓨어파파야케어
4363,7194,퓨어포레
4364,3345,퓨어플러스
4365,1925,퓨어피지
4366,4530,퓨어홀릭
4367,270,퓨어힐스
4368,8081,퓨오렐라(puorella)
4369,1926,퓨토(PUTTO)
4370,4337,퓰랙(pullack)
4371,6262,퓸스킨
4372,2727,프라간시아(Fragancia)
4373,4941,프라고나르
4374,505,프라다
4375,5245,프라로마
4376,6147,프라뷰(PLA BEAU)
4377,7752,프라브아(FLABOIS)
4378,5664,프라셀
4379,7551,프라엘
4380,3805,프라우드메리
4381,1013,프라이머리로우(Primary Raw)
4382,1929,프라이웰
4383,7805,프라임타임
4384,1930,프라젠트라
4385,7678,프란츠(FRANZ)
4386,5751,프랭크올리비에
4387,736,프럼네이처
4388,1931,프레드릭엠
4389,237,프레쉬(fresh)
4390,5674,프레쉬가든
4391,641,프레쉬라이트
4392,5457,프레쉬콘(Freshkon)
4393,3769,프레시스
4394,5681,프레시팝
4395,4793,프레쥬 (Fraijour)
4396,6664,프레티(prreti)
4397,7029,프렌비타
4398,7699,프렙(PREP)
4399,2283,프로랑스 
4400,8073,프로레나타(PRO RE NATA)
4401,294,프로막실
4402,6008,프로방스
4403,8028,프로버블리
4404,7057,프로소스(ProSource)
4405,299,프로스틴
4406,3757,프로액티브(proactiv)
4407,2583,프로에잇청담
4408,7933,프로유
4409,1932,프로이카
4410,7857,프롬더랜드
4411,7106,프롬솝
4412,4837,프롬에스티(Fromst)
4413,1085,프룻 오브 디 얼스
4414,3017,프리랩
4415,6177,프리마비스타
4416,558,프리맨
4417,238,프리메라
4418,5678,프리모
4419,4205,프리본
4420,7098,프리센트(PRESCENT)
4421,6371,프리티아(Prettia)
4422,5974,프린느
4423,5682,프린세스 메이커
4424,797,프린시크
4425,2793,프쉬케로스
4426,1038,플라리아
4427,7034,플라베네
4428,1025,플라센타 베제딸
4429,2718,플라워가든(FLOWER GARDEN) 
4430,6695,플라잉애플
4431,3773,플란테(plantae)
4432,1114,플란테시스템
4433,339,플란투어39
4434,6746,플레니스트(PLANIST)
4435,6209,플레르모나코
4436,1936,플레음
4437,7153,플레이 베이직
4438,2019,플레이보이
4439,5561,플레이텍스
4440,8003,플레인비
4441,4448,플레인씨
4442,7457,플렉스파워
4443,7308,플로네이처
4444,7065,플로랑 (FLORANC)
4445,1938,플로레나
4446,521,플로르드망 (꽃을든남자)
4447,4853,플로르마 (flormar)
4448,6047,플로리드
4449,945,플로리스 런던
4450,7906,플로바리스앤코
4451,8135,플로우(FFLOW)
4452,7394,플로우앤플로우
4453,5921,플뢰르즈(Fleur's)
4454,1057,플루(PLU)
4455,5285,피닉스
4456,922,피디렉션
4457,653,피몽쉐
4458,7477,피버렛
4459,7085,피부로가는한방
4460,2026,피부밥
4461,6735,피스비사라
4462,7438,피알엔(PRN)
4463,7000,피알피엘(PRPL)
4464,7855,피앙세
4465,6038,피앤에스생명과학
4466,5313,피어나스킨
4467,3453,피에라
4468,8138,피에라스(pieras)
4469,4849,피에르오제(pierauge)
4470,6212,피에스비(PSB herb)
4471,6825,피에이치드롭(Ph.Drop) 
4472,6991,피에프네이쳐(PF nature)
4473,3941,피엘리즈
4474,7360,피엘코스메틱
4475,2865,피오디라이프(POD)
4476,6994,피오라(FIORA)
4477,993,피움
4478,7216,피죤
4479,6908,피지션스 포뮬러(PHYSICIANS FORMULA)
4480,413,피지오겔
4481,1944,피지오더미(PHYSIODERMIE)
4482,6235,피츠(PHYT'S)
4483,6078,피치앤드(peach and)
4484,7932,피치판타지
4485,239,피카소
4486,7471,피키스킨
4487,4729,피터래빗 베이비 앤 키즈
4488,6238,피터스(PERER'S)
4489,583,피터토마스로스
4490,5568,피토더마
4491,7725,피토레스코
4492,7947,피토메딕(PHYTOMEDIC)
4493,1077,피토메르
4494,1946,피토메스
4495,5629,피토스토리
4496,8120,피토씨
4497,7450,피토페시아
4498,7605,피토힐(phyto-heal)
4499,479,피펄
4500,401,피현정에디션
4501,7009,픽메이크
4502,5772,픽미스킨
4503,2733,픽스앤루즈
4504,4669,픽스앤톡스
4505,7072,픽시 바이 페트라(PIXI by Petra) 
4506,7316,픽시뷰티(Pixi Beauty)
4507,7817,픽트(PICKT)
4508,6288,핀덴 스킨베베
4509,407,핀코
4510,6760,필란
4511,6475,필레리나
4512,1088,필로르가
4513,297,필로소피
4514,6898,필로스화장품(PHILOS)
4515,8116,필루니크
4516,7502,필리즈
4517,905,필립 마틴스
4518,240,필립스
4519,8095,필링빈(Pilling Bean)
4520,7972,핑거스푼
4521,2941,핑크에디션 바이 퓨어 뷰티
4522,7935,핑크원더
4523,5706,핑크페이지
4524,6821,핑키어스
4525,760,하나마이
4526,277,하나모리
4527,6392,하나유끼(HANAYUKI)
4528,6844,하나쭌(HANA JUN)
4529,7939,하나플러
4530,1950,하늘마음
4531,6260,하늘의신비한
4532,1952,하늘호수
4533,7372,하다노모노가타리
4534,636,하다라보
4535,5716,하다비세이
4536,728,하라주쿠러버스
4537,8014,하루마다
4538,3653,하루미
4539,6936,하루하루
4540,4869,하바(HABA)
4541,6633,하성전자
4542,837,하야시
4543,6915,하얀 (HAYAN)
4544,1998,하얀스토리
4545,1007,하얀연탄
4546,5490,하오니코
4547,591,하와이안 트로픽
4548,7410,하우스닥터이글루
4549,6827,하우스킨(Howskin)
4550,4017,하우트보네(Hautwonne)
4551,1954,하이드몬드
4552,8084,하이르와(HAIROUA)
4553,2778,하이맘 
4554,749,하이앙포레
4555,1020,하이엘로
4556,7132,하일라마이드(Hylamide)
4557,7724,하치카
4558,241,하쿠겐
4559,7462,하쿠호도
4560,3917,하프 문 아이즈
4561,6731,하호니코
4562,242,한경희 뷰티
4563,1956,한국동백연구소
4564,7507,한국먼디파마
4565,7953,한국미용화장품
4566,6872,한국야구르트
4567,266,한국화장품
4568,5895,한나패드
4569,798,한불화장품
4570,7099,한솔(HANSOL)
4571,7107,한스오가닉
4572,243,한스킨
4573,2232,한아름 코스메틱 
4574,244,한율
4575,628,한자플라스트
4576,1957,한조컬렉션
4577,6820,한케이
4578,245,할리우드 시크릿츠
4579,1959,함소아
4580,7294,해든화장품
4581,5461,해리나
4582,2661,해리메이슨 
4583,2172,해리치
4584,5069,해밀리아
4585,8058,해피문데이
4586,246,해피바스
4587,3877,해피브리즈
4588,8007,해피비건
4589,6696,핵틱(HECTIC)
4590,5613,핸즈드푸코
4591,1960,햄튼선
4592,6296,햅소드(HAPSODE)
4593,1961,햅스
4594,6375,햇살마을
4595,6971,행복한화장품가게
4596,6287,허그(Hug)
4597,7369,허깅유
4598,477,허니블룸
4599,5956,허니셀
4600,4469,허니체(Honeyce)
4601,7784,허니트랩
4602,996,허로우!
4603,5575,허밍스
4604,353,허바신
4605,1040,허벌라이프
4606,7388,허벌리스테(herbaliste)
4607,429,허벌에센스
4608,2010,허벌페이스푸드
4609,8067,허브솝
4610,1962,허브올레
4611,2823,허브타임
4612,7727,허브타임(Herbthyme)
4613,5831,허브포레
4614,1958,헐리우드 에비뉴
4615,6040,험프리(Humphrey's)
4616,2808,헤드랑
4617,743,헤드앤숄더
4618,247,헤라
4619,6301,헤르미온느
4620,5555,헤르셀
4621,7702,헤리아떼(HERIARTE)
4622,1963,헤리에타
4623,4689,헤리즈미
4624,5773,헤리치
4625,6082,헤리티지
4626,7583,헤리티지 스토어(HERITAGE STORE)
4627,5852,헤리티지 프로덕트 (Heritage Product)
4628,7623,헤베니케(HEBENIKE)
4629,4523,헤븐센스
4630,5481,헤스크(HASK)
4631,8056,헤어 리추얼 바이 시슬리
4632,2775,헤어다비스 
4633,4981,헤어레시피(hairrecipe)
4634,6988,헤어리즘
4635,1964,헤어캅
4636,1965,헤어커투어
4637,472,헤어플러스
4638,692,헤이네이처
4639,438,헤이랜드앤위틀
4640,5213,헤이미쉬
4641,4213,헤이씨스터
4642,6704,헤이젠
4643,1966,헤플스킨
4644,2871,헬레나 루빈스타인 
4645,1002,헬렌박
4646,6641,헬로스킨
4647,337,헬로에브리바디
4648,1968,헬로키티
4649,6210,헬로판다(HELLOPANDA)
4650,1969,헬리오케어
4651,6520,헬씨타임즈(Healthy Times)
4652,7383,헹팡(HENGFANG)
4653,8088,혜미인(HAEMIIN)
4654,5507,호르모센타
4655,3565,호메타
4656,8012,호석
4657,6122,호유(hoyu)
4658,5743,호코스
4659,3305,호피걸
4660,851,호호에미
4661,5570,혼뉴
4662,6796,혼쇼
4663,6724,홀리다코스메틱
4664,6341,홀리스타(holista)
4665,4817,홀리스터(hollister)
4666,3613,홀리앤코
4667,248,홀리카홀리카
4668,6060,홀릭아로마
4669,5576,홀메타(Hormeta)
4670,6243,홈메디케어
4671,8137,홈즈(homeZ)
4672,1972,홈헬스
4673,1973,홍익스킨
4674,7823,화니(Whanee)
4675,1974,화미사
4676,1975,화안애
4677,5524,화이트
4678,249,화이트래빗
4679,5689,화이트캣
4680,7927,화이트코스팜
4681,1976,화진
4682,7159,화흥
4683,7250,황실황칠
4684,7142,황지수화장품(Huangjisoo)
4685,6165,황칠
4686,6891,황칠가
4687,1979,황후연
4688,863,효시아
4689,7447,후다뷰티
4690,5690,후로후시(FlowFushi)
4691,5505,후루후루(HUROOHUROO)
4692,5835,후르디아
4693,6107,후르츠앤패션
4694,2316,후즈후코스메틱
4695,7559,후후
4696,7387,훼라모아
4697,5824,휘게(HYGGEE)
4698,7540,휘겔리다올리
4699,5365,휘엔느
4700,1980,휘욜라
4701,5928,휠라코스메틱(FILA)
4702,1981,휴고 내츄럴
4703,790,휴고 보스
4704,6748,휴먼바이오
4705,6148,휴먼앤카인드(human+kind)
4706,7089,휴족시간
4707,7201,휴피디알앤디엔에이(HUEPDRNDNA)
4708,7368,히든랩
4709,6349,히루스카(Hiruscar)
4710,700,히말라야
4711,917,히스토랩
4712,3105,히즈클린
4713,7783,히카즈(Hikaz)
4714,7062,히프(hif)
4715,7584,힐덤코리아
4716,7480,힐라비
4717,775,힐리
4718,5731,힐리어스
4719,5305,힐리언스
4720,6954,힐링버드(Healing Bird)
4721,6181,힐링스
4722,8127,힐시드(HEALSEED)
4723,7666,힐플렉스(HEALFLEX)
4724,6172,9MAGICS(나인매직스)
4725,6151,9컴플렉스
4726,7599,A.M.E(에이엠이)
4727,614,A24
4728,2385,A3fon
4729,3037,AGACCI
4730,532,AHC(에이에이치씨)
4731,6299,Amara Organics
4732,6089,ATONCE(아토원스)
4733,1046,ATS(에이티에스)
4734,2448,AVON(에이본)
4735,2106,B-LAB
4736,6798,B.lot(비롯)
4737,6634,BABY FOOT (베이비풋)
4738,4929,Bath&Bloom(배쓰앤블룸)
4739,2322,Bath&Body Works(배쓰앤바디웍스)
4740,3,BCL(비씨엘)
4741,796,bebe(비비)
4742,889,BELL(벨)
4743,2205,BIOCURA
4744,3097,BKCELL
4745,3405,BLUE LIZARD
4746,2009,BNB(비앤비)
4747,6332,bnt(뷰티앤트랜드)
4748,6237,BOM(비오엠)
4749,5085,BOS
4750,261,BRTC(비알티씨)
4751,4925,BWC
4752,7179,BYS Cosmetics
4753,7668,C2M(씨투엠 프로페셔널)
4754,5780,CF21
4755,750,CHI
4756,6335,CKI(씨케이아이)
4757,271,CLIV(씨엘포)
4758,4957,CMD
4759,4,CND
4760,5837,CNK
4761,3389,CNKCOS
4762,5907,CNP Rx(씨앤피 알엑스)
4763,200,CNP(차앤박)
4764,6010,COLOLAB
4765,4701,Convatec
4766,3921,Cover FX
4767,3541,CP-1(씨피원)
4768,316,CTC바이오
4769,2613,CU스킨
4770,3005,CYCLAX (싸이클렉스)
4771,312,D28
4772,888,DCL(디씨엘)
4773,969,DCS(디씨에스)
4774,42,DHC(디에이치씨)
4775,3421,Diaderma
4776,5097,DK 코스메틱
4777,763,DKNY(도나카란뉴욕)
4778,6112,DLA (디엘에이)
4779,1131,DMCK
4780,4425,DPS
4781,3957,Dr.Hauschka (닥터 하우쉬카)
4782,3577,DR.THEISS
4783,6229,DRUNK ELEPHANT
4784,5436,DS래보래토리즈
4785,3025,E45
4786,434,echosline(에코스라인)
4787,5065,EO
4788,1075,EOS(이오스)
4789,6014,etMamie
4790,250,FAB(에프에이비)
4791,7519,Fanola
4792,4357,FHI
4793,5486,Forever Living Products(포에버리빙프로덕트)
4794,7395,G2CELL(지투셀)
4795,6556,GD11(지디일레븐)
4796,5451,GENTLE MASK(젠틀마스크)
4797,1139,GNC
4798,6553,Green pharmacy (그린파머시)
4799,6251,grn+
4800,6412,GS2
4801,7036,Healthy Care(헬시케어)
4802,4520,Herba Laboratorij
4803,4021,Huxley (헉슬리)
4804,3845,IOU
4805,2035,JAJU(자주/자연주의)
4806,5530,JCK 메이크업 브러쉬
4807,6055,JERGENS
4808,4609,JMW
4809,1142,JNC
4810,1143,JNH
4811,5631,JNHBLAB
4812,2193,kai
4813,3197,Karawan authentic
4814,3669,KISSTIXX
4815,7930,KVL(커버린)
4816,4885,L.A colors (엘에이컬러스)
4817,2850,L.A.Girl(엘에이걸)
4818,3109,LAB DEE THAILAND 
4819,3045,LACURA
4820,4237,lakme
4821,6312,LANCER(랑셀)
4822,2169,Lashi
4823,5449,LASHPOP(래쉬팝)
4824,5493,LAURA GELLER(로라 겔러)
4825,981,LC 프로페셔널
4826,6582,Le Petit Olivier (르쁘띠 올리비에)
4827,1144,LG생활건강(엘지생활건강)
4828,7041,Lily of the desert(릴리 오브 더 데저트)
4829,4153,Lorac (로락)
4830,5924,LUK(룩)
4831,5985,LUVUM
4832,5472,M3D
4833,4396,MAGIMAXX
4834,5465,Margarite Cosmetics
4835,6584,MAUBOUSSIN (모브쌩)
4836,6169,MCA
4837,2532,MCC
4838,3657,MD래쉬홀릭
4839,6830,MibyK(미바이케이)
4840,5823,Ms.44(미스사사)
4841,2061,MS매드
4842,696,N.C.O(엔씨오)
4843,5165,N.P.P.E SH-RD
4844,5658,NASV
4845,6022,NATRA-Rx
4846,4053,Natura Bisse (네츄라 비세)
4847,2160,nelsons
4848,5468,Neoteric Cosmetics Ins
4849,7460,NEW9(뉴구)
4850,6309,NISL(니슬)
4851,2844,NO:HJ(엔오에이치제이)
4852,4617,nutrimetics
4853,4893,NYC(뉴욕컬러)
4854,25,NYX(닉스)
4855,3401,O'LOT(오롯)
4856,7,O.P.I(오피아이)
4857,169,OGX(오지엑스)
4858,7486,OLAY
4859,1718,ORIPAN(오리팬)
4860,7556,p1p
4861,7657,P1P(피원피)
4862,3965,Pestlo (페슬로)
4863,3857,Presh(프레쉬)
4864,5652,QB(큐비)
4865,3149,raip(라입)
4866,522,RG II
4867,6156,RGIII (알지쓰리)
4868,1006,RIRE(리르)
4869,8,RMK(알엠케이)
4870,5669,SAINT BLANCHE (생블랑쉬)
4871,1069,SANA(사나)
4872,6313,SCBI
4873,2898,SD헤어(에스디헤어) 
4874,302,SEAN
4875,4693,SIS
4876,10,SK-II MEN(에스케이투맨)
4877,9,SK-II(에스케이투)
4878,8051,SME(삼성메디컬엔지니어링)
4879,333,SNP(에스엔피)
4880,2973,SOTHYS
4881,6978,SPPC(에스피피씨)
4882,4857,SRB
4883,3625,STEMQ
4884,3589,STOG
4885,3721,STYLE 71
4886,5381,SUGAO
4887,1986,SVR
4888,952,SXM(에스엑스엠)
4889,1070,T.P.O(티피오)
4890,3369,Taimi
4891,2907,Thanks12(땡스12) 
4892,4233,TMR cosmetics(티엠알)
4893,260,TOCCA
4894,6397,TSS
4895,3793,TS샴푸
4896,6631,Two sisters (투시스터즈)
4897,6367,ULTRA V(울트라브이코스메틱)
4898,11,VDL(브이디엘)
4899,5399,VODA 아이스크림 렌즈앤케어
4900,1156,VSB36.5
4901,6652,VT (브이티코스메틱)
4902,7436,W.피부연구소
4903,5444,wen(웬)
4904,2454,WHY(와이)
4905,3385,wild ferns
4906,661,XTM 스타일옴므 (엑스티엠)
4907,730,"Y.E.T(YET, 옛)"
4908,6009,YS솔루션
4909,3641,ZARA(자라)
4910,5025,ZAVA
4911,6812,1028 비주얼테라피(1028 VISUAL THERAPY)
4912,4496,107 원오세븐
4913,2006,16브랜드(식스틴브랜드)
4914,729,1960ny
4915,2,23years old
4916,5708,24/7 (투웬티포세븐)
4917,2005,252코스메틱
4918,7347,29바이리디아몬다비
4919,7123,29일(29Days)
4920,5683,2GY (이지와이)
4921,5747,2교시피클
4922,7722,302WHITE(302화이트)
4923,143,3CE(쓰리컨셉아이즈/스타일난다)
4924,7049,3INA(미나)
4925,880,3J
4926,2148,3M 넥스케어
4927,4596,3w 클리닉 (3w clinic)
4928,490,4711
4929,6814,87발렌타인
4930,7490,8GF(OBUIZI)
